ID,Author,Birth Year,Death Year
1,牧野 剛,N/A,N/A,"Makino, Tsuyoshi"
3,入谷 芳彰,N/A,N/A,"Iriya, Yoshiaki"
4,山本 有二,N/A,N/A,"Yamamoto, Yuji"
5,ツルゲーネフ イワン,1818,1883,"Turgenev, Ivan"
6,二葉亭 四迷,1864,1909,"Futabatei, Shimei"
7,藤下 真潮,1961,N/A,"Fujishita, Mashio"
8,島木 健作,1903,1945,"Shimaki, Kensaku"
9,ドイル アーサー・コナン,1859,1930,"Doyle, Arthur Conan"
10,大久保 ゆう,1982,N/A,"Okubo, Yu"
11,立原 道造,1914,1939,"Tachihara, Michizo"
12,素木 しづ,1895,1918,"Shiraki, Shizu"
13,八木 重吉,1898,1927,"Yagi, Jukichi"
14,村山 槐多,1896,1919,"Murayama, Kaita"
15,芥川 龍之介　→芥川竜之介,1892,1927,"Akutagawa, Ryunosuke"
16,小中 千昭,N/A,N/A,"Konaka, Chiaki"
17,ウィード グスターフ,1858,1914,"Wied, Gustav"
19,アンデルセン ハンス・クリスチャン,1805,1875,"Andersen, Hans Christian"
20,渡辺 温,1902,1930,"Watanabe, On"
21,白田 秀彰,N/A,N/A,"Shirata, Hideaki"
22,三島 霜川,1876,1934,"Mishima, Sosen"
23,徳田 秋声,1872,1943,"Tokuda, Shusei"
24,島田 一郎,N/A,N/A,"Shimada, Ichiro"
25,有島 武郎,1878,1923,"Arishima, Takeo"
26,中原 中也,1907,1937,"Nakahara, Chuya"
27,小島 烏水,1873,1948,"Kojima, Usui"
28,早見 秋,1969,N/A,"Hayami, Aki"
29,レイモンド  エリック,N/A,N/A,"Raymond, Eric"
30,山形 浩生,N/A,N/A,"Yamagata, Hiroo"
31,葉山 嘉樹,1894,1945,"Hayama, Yoshiki"
32,植松 真人,N/A,N/A,"Uematsu, Masato"
34,内村 鑑三,1861,1930,"Uchimura, Kanzo"
35,太宰 治,1909,1948,"Dazai, Osamu"
37,黒島 伝治,1898,1943,"Kuroshima, Denji"
38,国木田 独歩,1871,1908,"Kunikida, Doppo"
40,織田 作之助,1913,1947,"Oda, Sakunosuke"
41,徳永 真一,1973,N/A,"Tokunaga, Shin'ichi"
42,寺田 寅彦,1878,1935,"Terada, Torahiko"
43,吉行 エイスケ,1906,1940,"Yoshiyuki, Eisuke"
45,三遊亭 圓朝　→三遊亭円朝,1839,1900,"San'yutei, Encho"
46,鈴木 行三,N/A,1962,"Suzuki, Kozo"
47,長尾 高弘,1960,N/A,"Nagao, Takahiro"
48,南部 修太郎,1892,1936,"Nanbu, Shutaro"
49,北條 民雄　→北条民雄,1914,1937,"Hojo, Tamio"
50,泉 鏡花,1873,1939,"Izumi, Kyoka"
51,幸田 露伴,1867,1947,"Koda, Rohan"
52,紫式部,N/A,N/A,"Murasaki Shikibu,"
54,佐野 良二,1940,N/A,"Sano, Ryoji"
55,富田 倫生,1952,2013,"Tomita, Michio"
56,平田 剛士,1964,N/A,"Hirata, Tsuyoshi"
57,福田 英子,1865,1927,"Fukuda, Hideko"
58,伊藤 左千夫,1864,1913,"Ito, Sachio"
59,高橋 悠治,1938,N/A,"Takahashi, Yuji"
60,浮世絵 太郎,N/A,N/A,"Ukiyoe, Taro"
61,橋本 進吉,1882,1945,"Hashimoto, Shinkichi"
62,西川 光男,N/A,N/A,"Nishikawa, Mitsuo"
63,宮武 外骨,1867,1955,"Miyatake, Gaikotsu"
64,樋口 一葉,1872,1896,"Higuchi, Ichiyo"
65,九鬼 周造,1888,1941,"Kuki, Shuzo"
66,束原 和多志,N/A,N/A,"Tsukahara, Watashi"
67,萩原 朔太郎,1886,1942,"Hagiwara, Sakutaro"
69,高野 敦志,1963,N/A,"Takano, Atsushi"
70,豊田 勇造,N/A,N/A,"Toyoda, Yuzo"
71,立花 実,1933,1968,"Tachibana, Minoru"
72,山中 貞雄,1909,1938,"Yamanaka, Sadao"
73,作者不詳,N/A,N/A,N/A
74,梶井 基次郎,1901,1932,"Kajii, Motojiro"
75,リルケ ライネル・マリア,1875,1926,"Rilke, Rainer Maria"
76,岡本 かの子,1889,1939,"Okamoto, Kanoko"
77,押川 春浪,1876,1914,"Oshikawa, Shunro"
79,森野 光,N/A,N/A,"Morino, Mitsuru"
80,平出 修,1878,1914,"Hiraide, Shu"
81,宮沢 賢治,1896,1933,"Miyazawa, Kenji"
82,岡本 綺堂,1872,1939,"Okamoto, Kido"
83,菊池 寛,1888,1948,"Kikuchi, Kan"
84,清水 哲男,1938,2022,"Shimizu, Tetsuo"
85,津野 潤,N/A,N/A,"Tsuno, Jun"
86,伊藤 乃理子,N/A,N/A,"Ito, Noriko"
87,綱島 梁川,1873,1907,"Tsunashima, Ryosen"
88,長谷川 集平,1955,N/A,"Hasegawa, Shuhei"
89,北 一輝,1883,1937,"Kita, Ikki"
90,清水 鱗造,1950,N/A,"Shimizu, Rinzo"
91,尾崎 紅葉,1868,1903,"Ozaki, Koyo"
92,鈴木 志郎康,1935,2022,"Suzuki, Shiroyasu"
93,南方 熊楠,1867,1941,"Minakata, Kumagusu"
94,ポー エドガー・アラン,1809,1849,"Poe, Edgar Allan"
95,佐々木 直次郎,1901,1943,"Sasaki, Naojiro"
96,夢野 久作,1889,1936,"Yumeno, Kyusaku"
97,オー・ヘンリー,1862,1910,"O. Henry,"
98,結城 浩,1963,N/A,"Yuki, Hiroshi"
99,菊池 美範,N/A,N/A,"Kikuchi, Yoshinori"
100,山本 ゆうじ,N/A,N/A,"Yamamoto, Yuji"
101,田宮 まや,N/A,N/A,"Tamiya, Maya"
102,石橋 忍月,1865,1926,"Ishibashi, Ningetsu"
103,松平 維秋,1946,1999,"Matsudaira, Tadaaki"
104,松永 延造,1895,1938,"Matsunaga, Enzo"
105,イギリス伝承童謡,N/A,N/A,N/A
106,北原 白秋,1885,1942,"Kitahara, Hakushu"
107,鈴木 三重吉,1882,1936,"Suzuki, Miekichi"
108,小泉 英政,1948,N/A,"Koizumi, Hidemasa"
109,冬 佳彰,N/A,N/A,"Fuyu, Yoshiaki"
110,藤井 貞和,1942,N/A,"Fujii, Sadakazu"
111,佐々木 味津三,1896,1934,"Sasaki, Mitsuzo"
112,水野 仙子,1888,1919,"Mizuno, Senko"
113,鶴岡 雄二,1953,N/A,"Tsuruoka, Yuji"
114,キプリング ラデャード,1865,1936,"Kipling, Rudyard"
115,ブレイク ウィリアム,1757,1827,"Blake, William"
116,鷹野 つぎ,1890,1943,"Takano, Tsugi"
117,津野 海太郎,1938,N/A,"Tsuno, Kaitaro"
118,長塚 節,1879,1915,"Nagatsuka, Takashi"
119,中島 敦,1909,1942,"Nakajima, Atsushi"
120,木下 杢太郎,1885,1945,"Kinoshita, Mokutaro"
121,新美 南吉,1913,1943,"Niimi, Nankichi"
122,桑原 一世,N/A,N/A,"Kuwabara, Ichiyo"
123,伊藤 孝昭,N/A,N/A,"Ito, Takaaki"
124,小熊 秀雄,1901,1940,"Oguma, Hideo"
125,小栗 虫太郎,1901,1946,"Oguri, Mushitaro"
126,田中 英光,1913,1949,"Tanaka, Hidemitsu"
127,藤本 和子,1939,N/A,"Fujimoto, Kazuko"
128,長谷 悟,N/A,N/A,"Hase, Satoru"
129,森 鴎外,1862,1922,"Mori, Ogai"
130,秋野 平,N/A,N/A,"Akino, Taira"
132,與謝野 晶子　→与謝野晶子,1878,1942,"Yosano, Akiko"
133,菅原孝標女,1008,N/A,"Sugawara Takasue no musume,"
134,佐左木 俊郎,1900,1933,"Sasaki, Toshiro"
135,鈴木 邦男,N/A,N/A,"Suzuki, Kunio"
136,山村 暮鳥,1884,1924,"Yamamura, Bocho"
137,岩野 泡鳴,1873,1920,"Iwano, Homei"
138,翡翠,N/A,N/A,"Hisui,"
139,朝倉 克彦,N/A,N/A,"Asakura, Katsuhiko"
140,テニソン アルフレッド,1809,1892,"Tennyson, Alfred"
141,坪内 逍遥,1859,1935,"Tsubouchi, Shoyo"
142,関 富士子,N/A,N/A,"Seki, Fujiko"
143,浜野 サトル,N/A,N/A,"Hamano, Satoru"
144,畑仲 哲雄,1961,N/A,"Hatanaka, Tetsuo"
145,小葉 武史,1976,N/A,"Koba, Takeshi"
146,種田 山頭火,1882,1940,"Taneda, Santoka"
147,三浦 久,1945,N/A,"Miura, Hisashi"
148,夏目 漱石,1867,1916,"Natsume, Soseki"
149,富岡 誠　→中浜哲,1897,1926,"Tomioka, Makoto"
150,薄田 泣菫,1877,1945,"Susukida, Kyukin"
151,西府 章,N/A,N/A,"Saifu, Akira"
152,弾 射音,N/A,N/A,"Dan, Shanon"
153,石川 啄木,1886,1912,"Ishikawa, Takuboku"
154,田中 貢太郎,1880,1941,"Tanaka, Kotaro"
155,紀 貫之,N/A,N/A,"Kino, Tsurayuki"
156,小林 多喜二,1903,1933,"Kobayashi, Takiji"
157,北村 透谷,1868,1894,"Kitamura, Tokoku"
158,島崎 藤村,1872,1943,"Shimazaki, Toson"
159,辻 潤,1884,1944,"Tsuji, Jun"
160,海野 十三,1897,1949,"Unno, Juza"
162,若山 牧水,1885,1928,"Wakayama, Bokusui"
163,若松 賤子,1864,1896,"Wakamatsu, Shizuko"
164,堺 利彦,1871,1933,"Sakai, Toshihiko"
165,内田 魯庵,1868,1929,"Uchida, Roan"
166,サマン アルベール,1858,1900,"Samain, Albert"
167,町野 修三,1943,2002,"Machino, Shuzo"
168,横光 利一,1898,1947,"Yokomitsu, Riichi"
169,大杉 栄,1885,1923,"Osugi, Sakae"
179,黒岩 涙香,1862,1920,"Kuroiwa, Ruiko"
180,ヴォルテール,1694,1778,"Voltaire,"
181,能美 武功,N/A,N/A,"Nomi, Takenori"
182,西田 幾多郎,1870,1945,"Nishida, Kitaro"
183,牧野 信一,1896,1936,"Makino, Shin'ichi"
189,武田 麟太郎,1904,1946,"Takeda, Rintaro"
190,大手 拓次,1887,1934,"Ote, Takuji"
191,山本 光夫,1959,N/A,"Yamamoto, Mitsuo"
192,岩本 太郎,N/A,N/A,"Iwamoto, Taro"
193,久森 謙二,1940,N/A,"Hisamori, Kenji"
195,尾崎 放哉,1885,1926,"Ozaki, Hosai"
196,鴨 長明,1153,1216,"Kamo, Chomei"
198,山本 洋,1956,N/A,"Yamamoto, Hiroshi"
200,岩本 良子,N/A,N/A,"Iwamoto, Ryoko"
201,グリーン ジェイムズ,N/A,2014,"Green, James"
206,小沢 真理子,N/A,N/A,"Ozawa, Mariko"
207,ゴーゴリ ニコライ,1809,1852,"Gogol, Nikolai"
208,平井 肇,1896,1946,"Hirai, Hajime"
210,シュヴァルツ エフゲーニイ,1896,1958,"Shvarts, Evgeniy"
211,吉野 孝雄,N/A,N/A,"Yoshino, Takao"
212,竹久 夢二,1884,1934,"Takehisa, Yumeji"
213,市川 陽,1952,N/A,"Ichikawa, Yo"
214,田山 花袋,1872,1930,"Tayama, Katai"
215,栗林 元,N/A,N/A,"Kuribayashi, Hajime"
216,直木 三十五,1891,1934,"Naoki, Sanjugo"
217,葛西 善藏　→葛西善蔵,1887,1928,"Kasai, Zenzo"
218,三木 清,1897,1945,"Miki, Kiyoshi"
219,里村 欣三,1902,1945,"Satomura, Kinzo"
220,吉江 喬松,1880,1940,"Yoshie, Takamatsu"
221,平林 初之輔,1892,1931,"Hirabayashi, Hatsunosuke"
223,カワード ノエル,1899,1973,"Coward, Noel"
224,小泉 節子,1868,1932,"Koizumi, Setsuko"
225,阿部 徳蔵,1889,1944,"Abe, Tokuzo"
226,アレニウス スヴァンテ,1859,1927,"Arrhenius, Svante"
227,生田 春月,1892,1930,"Ikuta, Shungetsu"
228,井沢 衣水,1889,1967,"Izawa, Isui"
229,石田 孫太郎,1874,1936,"Ishida, Magotaro"
230,石原 莞爾,1889,1949,"Ishiwara, Kanji"
231,伊丹 万作,1900,1946,"Itami, Mansaku"
232,伊波 普猷,1876,1947,"Iha, Fuyu"
233,伊原 青々園,1870,1941,"Ihara, Seiseien"
234,今井 邦子,1890,1948,"Imai, Kuniko"
235,上田 敏,1874,1916,"Ueda, Bin"
236,大阪 圭吉,1912,1945,"Osaka, Keikichi"
237,大町 桂月,1869,1925,"Omachi, Keigetsu"
238,岡倉 天心,1863,1913,"Okakura, Tenshin"
239,岡本 一平,1886,1948,"Okamoto, Ippei"
240,荻原 守衛,1879,1910,"Ogiwara, Morie"
241,小栗 風葉,1875,1926,"Oguri, Fuyo"
242,尾崎 秀実,1901,1944,"Ozaki, Hotsumi"
243,小野 賢一郎,1888,1943,"Ono, Ken'ichiro"
244,梶井 久,1870,1946,"Kajii, Hisa"
245,加藤 文太郎,1905,1936,"Kato, Buntaro"
246,金子 ふみ子,1903,1926,"Kaneko, Fumiko"
247,加能 作次郎,1885,1941,"Kano, Sakujiro"
248,上司 小剣,1874,1947,"Kamitsukasa, Shoken"
249,嘉村 礒多,1897,1933,"Kamura, Isota"
250,河上 肇,1879,1946,"Kawakami, Hajime"
251,岸田 劉生,1891,1929,"Kishida, Ryusei"
252,金 史良,1914,1950,"Kim, Sa-ryang"
253,陸 羯南,1857,1907,"Kuga, Katsunan"
254,九条 武子,1887,1928,"Kujo, Takeko"
255,国枝 史郎,1887,1943,"Kunieda, Shiro"
256,倉田 百三,1891,1943,"Kurata, Hyakuzo"
257,黒田 清輝,1866,1924,"Kuroda, Seiki"
258,小泉 八雲,1850,1904,"Koizumi, Yakumo"
259,小出 楢重,1887,1931,"Koide, Narashige"
260,甲賀 三郎,1893,1945,"Koga, Saburo"
261,幸徳 秋水,1871,1911,"Kotoku, Shusui"
262,小酒井 不木,1890,1929,"Kosakai, Fuboku"
263,佐々木 喜善,1886,1933,"Sasaki, Kizen"
264,シェークスピア ウィリアム,1546,1616,"Shakespeare, William"
265,島木 赤彦,1876,1926,"Shimagi, Akahiko"
266,末松 謙澄,1855,1920,"Suematsu, Kencho"
267,世阿弥 元清,1363,1443,"Zeami, Motokiyo"
268,関根 金次郎,1868,1946,"Sekine, Kinjiro"
269,高神 覚昇,1894,1948,"Takagami, Kakusho"
270,高村 光雲,1852,1934,"Takamura, Koun"
271,高山 樗牛,1871,1902,"Takayama, Chogyu"
272,谷 譲次　→林不忘,1900,1935,"Tani, Joji"
273,田畑 修一郎,1903,1943,"Tabata, Shuichiro"
274,談洲楼 燕枝　二代,1879,1935,"Danshuro, Enshi Nidai"
275,近松 秋江,1876,1944,"Chikamatsu, Shuko"
276,知里 幸恵,1903,1922,"Chiri, Yukie"
277,辻村 伊助,1886,1923,"Tsujimura, Isuke"
278,津村 信夫,1909,1944,"Tsumura, Nobuo"
279,徳冨 健次郎　→徳冨蘆花,1868,1927,"Tokutomi, Kenjiro"
280,徳冨 蘆花,1868,1927,"Tokutomi, Roka"
281,戸坂 潤,1900,1945,"Tosaka, Jun"
282,富ノ沢 麟太郎,1899,1925,"Tominosawa, Rintaro"
283,中里 介山,1885,1944,"Nakazato, Kaizan"
284,内藤 湖南,1866,1934,"Naito, Konan"
285,長田 秀雄,1885,1949,"Nagata, Hideo"
286,野口 雨情,1882,1945,"Noguchi, Ujo"
287,野呂 栄太郎,1900,1934,"Noro, Eitaro"
288,ハイヤーム オマル,1048,1131,"Khayyam, 'Umar"
289,浜尾 四郎,1896,1935,"Hamao, Shiro"
290,林 不忘,1900,1935,"Hayashi, Fubo"
291,林 芙美子,1903,1951,"Hayashi, Fumiko"
292,原田 皐月,1887,1933,"Harada, Satsuki"
293,原 民喜,1905,1951,"Hara, Tamiki"
294,平野 万里,1885,1947,"Hirano, Banri"
295,広津 柳浪,1861,1928,"Hirotsu, Ryuro"
296,福沢 諭吉,1835,1901,"Fukuzawa, Yukichi"
297,藤岡 作太郎,1870,1910,"Fujioka, Sakutaro"
298,藤島 武二,1867,1943,"Fujishima, Takeji"
299,アラン・フルニエ アンリ,1886,1914,"Alain Fournier, Henri"
301,穂積 陳重,1855,1926,"Hozumi, Nobushige"
302,堀口 九万一,1865,1945,"Horiguchi, Kumaichi"
303,本庄 陸男,1905,1939,"Honjo, Mutsuo"
304,牧 逸馬　→林不忘,1900,1935,"Maki, Itsuma"
305,正岡 子規,1867,1902,"Masaoka, Shiki"
306,松田 司郎,N/A,N/A,"Matsuda, Shiro"
307,松濤 明,1922,1949,"Matsunami, Akira"
308,松本 泰,1887,1939,"Matsumoto, Tai"
309,真山 青果,1878,1948,"Mayama, Seika"
310,三上 於菟吉,1891,1944,"Mikami, Otokichi"
311,宮本 百合子,1899,1951,"Miyamoto, Yuriko"
312,村井 政善,N/A,1937,"Murai, Masayoshi"
313,村上 華岳,1888,1939,"Murakami, Kagaku"
315,森 林太郎　→森鴎外,1862,1922,"Mori, Rintaro"
317,矢田 津世子,1907,1944,"Yada, Tsuseko"
318,山川 登美子,1879,1909,"Yamakawa, Tomiko"
319,山本 宣治,1889,1929,"Yamamoto, Senji"
320,与謝野 寛,1873,1935,"Yosano, Hiroshi"
321,与謝野 礼厳,1823,1898,"Yosano, Reigon"
322,吉江 孤雁　→吉江喬松,1880,1940,"Yoshie, Kogan"
323,吉野 作造,1878,1933,"Yoshino, Sakuzo"
325,蘭 郁二郎,1913,1944,"Ran, Ikujiro"
326,ルヴェル モーリス,1875,1926,"Level, Maurice"
329,楠山 正雄,1884,1950,"Kusuyama, Masao"
330,青木 栄瞳,N/A,N/A,"Aoki, Eime"
331,若杉 鳥子,1892,1937,"Wakasugi, Toriko"
332,ワイルド オスカー,1854,1900,"Wilde, Oscar"
335,ストールマン リチャード,1953,N/A,"Stallman, Richard"
336,ラティガン テレンス,1911,1977,"Rattigan, Terence"
338,フランス アナトール,1844,1924,"France, Anatole"
339,ルター マルチン,1483,1546,"Luther, Martin"
340,ガールシン フセヴォロド・ミハイロヴィチ,1855,1888,"Garshin, Vsevolod Mikhailvich"
341,馬場 孤蝶,1869,1940,"Baba, Kocho"
342,柴田 流星,1879,1913,"Shibata, Ryusei"
343,平田 禿木,1873,1943,"Hirata, Tokuboku"
344,土田 杏村,1891,1934,"Tsuchida, Kyoson"
345,後藤 宙外,1866,1938,"Goto, Chugai"
346,村岡 博,1895,1946,"Muraoka, Hiroshi"
347,小川 亮作,1910,1951,"Ogawa, Ryosaku"
348,范 曄,N/A,N/A,"Fan, Ye"
349,笠置 一郎,N/A,N/A,"Kasagi, Ichiro"
350,湯地 光弘,N/A,N/A,"Yuji, Mitsuhiro"
351,増田 雅子,1880,1946,"Masuda, Masako"
352,田中 早苗,1884,1945,"Tanaka, Sanae"
353,きるしぇ,N/A,N/A,"Kirushe,"
354,勝 海舟,1823,1899,"Katsu, Kaishu"
355,上村 松園,1875,1949,"Uemura, Shoen"
356,レニエ アンリ・ド,1864,1936,"Regnier, Henri de"
357,クラルテ ジュール,1840,1913,"Claretie, Jules"
358,ルモンニエー カミーユ,1844,1913,"Lemonnier, Camille"
359,ヒルシュフェルド ゲオルヒ,1873,1943,"Hirschfeld, Georg"
360,シュニッツレル アルツール,1862,1931,"Schnitzler, Arthur"
361,トルストイ レオ,1828,1910,"Толстой, Лев"
362,コロレンコ ウラジミール・ガラクティオノヴィチ,1853,1921,"Korolenko, Vladimir Galaktionovick"
363,ドストエフスキー フィヨードル・ミハイロヴィチ,1821,1881,"Dostoevskii, Fedor Mikhailovich"
364,ゴーリキー マクシム,1868,1936,"Gorky, Maksim"
365,チリコフ オイゲン,1864,1932,"Chirikov, Evgenii"
366,アルチバシェッフ ミハイル・ペトローヴィチ,1878,1927,"Artsybashev, Mikhail Petrovich"
367,クスミン ミカイル・アレクセーヴィチ,1872,1936,"Kuzmin, Mikhail Alekseevich"
368,添田 唖蝉坊,1872,1944,"Soeda, Azenbo"
369,川端 茅舎,1897,1941,"Kawabata, Bosha"
370,横瀬 夜雨,1878,1934,"Yokose, Yau"
371,細井 和喜蔵,1897,1925,"Hosoi, Wakizo"
372,桑原 隲蔵,1871,1931,"Kuwabara, Jitsuzo"
373,北畠 尊也,1967,N/A,"Kitabatake, Takaya"
374,饗庭 篁村,1855,1922,"Aeba, Koson"
375,青木 存義,1879,1935,"Aoki, Nagayoshi"
376,青木 月斗,1879,1949,"Aoki, Getto"
377,赤木 桁平　→池崎忠孝,1891,1949,"Akagi, Kohei"
378,明石 喜好,N/A,1946,"Akashi,"
380,浅井 洌,1849,1938,"Asai, Retsu"
381,足立 英司,N/A,1936,"Adachi, Eiji"
382,姉崎 嘲風　→姉崎正治,1873,1949,"Anesaki, Chofu"
383,姉崎 正治,1873,1949,"Anesaki, Masaharu"
384,阿部 章蔵　→水上滝太郎,1887,1940,"Abe, Shozo"
385,荒井 星花,1887,1942,"Arai,"
386,荒木 和聴,1902,1943,"Araki,"
387,荒木 古童,1823,1908,"Araki, Kodo"
388,淡島 寒月,1859,1926,"Awashima, Kangetsu"
389,飯田 胡春,1883,1937,"Iida, Koshun"
390,飯田 武郷,1828,1900,"Iida, Takesato"
391,飯田 忠純,1898,1936,"Iida, Tadasumi"
392,生田 葵山,1876,1945,"Ikuta, Kizan"
393,生田 長江,1882,1936,"Ikuta, Choko"
395,池田 大伍,1885,1942,"Ikeda, Daigo"
396,池田 不二男,1905,1943,"Ikeda, Fujio"
397,池田 蘆洲,1864,1934,"Ikeda, Roshu"
398,池谷 信三郎,1900,1933,"Iketani, Shinsaburo"
399,池辺 義象,1861,1923,"Ikebe, Yoshikata"
400,石井 直三郎,1890,1936,"Ishii, Naosaburo"
401,石井 露月,1873,1928,"Ishii, Rogetsu"
402,石川 戯庵,1876,1933,"Ishikawa, Gian"
403,石河 穰治,1911,1941,"Ishikawa, Joji"
404,石川 英雄,N/A,1945,"Ishikawa, Hideo"
405,石川 林四郎,1879,1939,"Ishikawa, Rinshiro"
406,石川 錬次,1893,1945,"Ishikawa, Renji"
407,石榑 千亦,1869,1942,"Ishikure, Chimata"
408,石黒 行平,1864,1931,"Ishiguro, Kohei"
409,石田 元季,1887,1943,"Ishida, Motosue"
410,石橋 思案,1867,1927,"Ishibashi, Shian"
411,石原 和三郎,1865,1922,"Ishihara, Wasaburo"
412,市島 春城,1860,1944,"Ichijima, Syunjo"
413,伊東 月草,1899,1946,"Ito, Gesso"
414,伊藤 痴遊　初代,1867,1938,"Ito, Chiyu Shodai"
415,伊東 貞助,1901,1946,"Ito, Teisuke"
416,伊藤 野枝,1895,1923,"Ito, Noe"
417,井上 源次郎,1876,1940,"Inoue, Genjiro"
418,井上 善次郎,1862,1941,"Inoue, Zenjiro"
419,井上 勤,1850,1928,"Inoue, Tsutomu"
420,井上 哲次郎,1856,1944,"Inoue, Tetsujiro"
421,井上 俊輔,1909,1946,"Inoue, Shunsuke"
422,井上 通泰,1866,1941,"Inoue, Michiyasu"
423,井上 頼圀,1839,1914,"Inoue, Yorikuni"
424,猪俣 津南雄,1889,1942,"Inomata, Tsunao"
425,伊庭 孝,1887,1937,"Iba, Takashi"
426,今井 十九二,N/A,1941,"Imai, Tokuji"
427,今井 白楊,1889,1917,"Imai, Hakuyo"
428,今川 節,1908,1934,"Imagawa, Setsu"
429,今村 外園,N/A,1931,"Imamura, Gaien"
430,伊良子 清白,1877,1946,"Irako, Seihaku"
431,入沢 達吉,1865,1938,"Irisawa, Tatsukichi"
432,岩野 晁次郎,1902,1945,"Iwano, Chojiro"
433,巖谷 小波　→巌谷小波,1870,1933,"Iwaya, Sazanami"
435,上田 万年,1867,1937,"Ueda, Kazutoshi"
436,上山 柑翁,1889,1942,"Ueyama,"
437,宇高 伸一,1886,1943,"Udaka, Shin'ichi"
438,歌沢 相模,1872,1943,"Utazawa, Sagami"
439,内田 巌,1900,1953,"Uchida, Iwao"
440,内海 弘蔵,1872,1935,"Utsumi, Kozo"
441,海上 胤平,1829,1916,"Unagami, Tanehira"
442,宇野 円空,1885,1949,"Uno, Enku"
443,梅若 実　初世,1828,1909,"Umewaka, Minoru Shosei"
444,漆間 徳定,1869,1944,"Urushima,"
445,海野 厚,N/A,1926,"Unno, Atsushi"
446,江藤 輝,1907,1946,"Eto,"
447,榎本 破笠,1866,1916,"Enomoto, Haryu"
448,江見 水蔭,1869,1934,"Emi, Suiin"
449,邑楽 慎一,1908,1945,"Ora, Shin'ichi"
450,大倉 桃郎,1879,1944,"Okura, Toro"
451,大河内 翠山,1880,1938,"Okochi, Suizan"
452,大島 正徳,1880,1947,"Oshima, Masanori"
453,大須賀 乙字,1881,1920,"Osuga, Otsuji"
454,太田 玉茗,1871,1927,"Ota, Gyokumei"
455,大谷 句仏,1875,1943,"Otani, Kubutsu"
456,大塚 楠緒子,1875,1910,"Otsuka, Kusuoko"
457,大槻 文彦,1847,1928,"Otsuki, Fumihiko"
458,大西 祝,1864,1900,"Onishi, Hajime"
459,大沼 哲,1889,1944,"Onuma, Satoru"
460,多 忠亮,1895,1929,"Ono, Tadasuke"
461,多 久寅,1884,1931,"Ono, Hisatora"
462,大橋 乙羽,1869,1901,"Ohashi, Otowa"
463,大橋 新太郎,1862,1944,"Ohashi, Shintaro"
464,大森 義太郎,1898,1940,"Omori, Gitaro"
465,大和田 建樹,1857,1910,"Owada, Takeki"
466,岡 鬼太郎,1872,1943,"Oka, Onitaro"
467,岡倉 由三郎,1868,1936,"Okakura, Yoshisaburo"
468,岡田 実麿,1878,1943,"Okada, Jitsumaro"
469,岡野 香,1893,1941,"Okano, Kaoru"
470,岡野 知十,1860,1932,"Okano, Chiju"
471,岡村 金太郎,1867,1935,"Okamura, Kintaro"
472,岡村 柿紅,1881,1925,"Okamura, Shiko"
473,小川 琢治,1870,1941,"Ogawa, Takuji"
474,小川 正子,1902,1943,"Ogawa, Masako"
475,荻原 碌山　→荻原守衛,1879,1910,"Ogiwara, Rokuzan"
476,奥 好義,1858,1933,"Oku, Yoshiisa"
477,小倉 進平,1882,1944,"Ogura, Shinpei"
478,尾佐竹 猛,1880,1946,"Osatake, Takeshi"
479,小山内 薫,1881,1928,"Osanai, Kaoru"
480,織田 正信,1903,1945,"Oda, Masanobu"
481,落合 直文,1861,1903,"Ochiai, Naobumi"
482,落合 三東里,N/A,1932,"Ochiai,"
483,乙骨 三郎,1881,1934,"Okkotsu, Saburo"
484,小野 湖山,1814,1910,"Ono, Kozan"
485,小野 竹三,1878,1945,"Ono, Takezo"
486,小野 政方,1885,1945,"Ono, Masakata"
487,小幡 篤次郎,1842,1905,"Obata, Tokujiro"
488,小柳 司気太,1870,1940,"Oyanagi, Shigeta"
489,貝塚 正治郎,N/A,1934,"Kaiduka,"
490,笠原 哲夫,1922,1945,"Kasahara,"
491,片岡 鉄兵,1894,1944,"Kataoka, Teppei"
492,片上 伸,1884,1928,"Katagami, Noburu"
493,加藤 朝鳥,1886,1938,"Kato, Asatori"
494,加藤 孤童,N/A,1946,"Kato,"
495,加藤 壽太郎,1885,1946,"Kato,"
496,加藤 義清,N/A,1941,"Kato,"
497,仮名垣 魯文,1829,1894,"Kanagaki, Robun"
498,金谷 完治,1901,1946,"Kanaya, Kanji"
499,金子 筑水,1870,1937,"Kaneko, Chikusui"
500,金子 みすゞ,1903,1930,"Kaneko, Misuzu"
501,金子 元臣,1868,1944,"Kaneko, Motoomi"
502,亀尾 英四郎,1898,1945,"Kameo, Eishiro"
503,亀高 徳平,1872,1935,"Kametaka, Tokuhei"
504,亀屋原 徳,1898,1942,"Kameyabara, Toku"
505,鹿山 映二郎,1907,1936,"Kayama,"
506,河合 栄治郎,1891,1944,"Kawai, Eijiro"
507,川上 眉山,1869,1908,"Kawakami, Bizan"
508,河竹 黙阿弥,1816,1893,"Kawatake, Mokuami"
509,河津 暹,1875,1943,"Kawazu, Sen"
510,河東 碧梧桐,1873,1937,"Kawahigashi, Hekigoto"
511,河村 光陽,1897,1946,"Kawamura,"
512,簡野 道明,1865,1938,"Kanno, Domei"
513,神部 孝,1901,1938,"Kanbe, Takashi"
514,菊池 幽芳,1870,1947,"Kikuchi, Yuho"
515,菊塚 検校,N/A,1910,"Kikuduka,"
516,貴志 康一,1909,1937,"Kishi,"
517,北村 季春,1872,1931,"Kitamura,"
518,北村 秀俊,1872,1931,"Kitamura,"
519,杵屋 藤三郎　二世,N/A,1896,"Kineya,"
520,杵屋 勘五郎　三世,1815,1877,"Kineya, Kangorou Sansei"
521,杵屋 勘五郎　五世,1875,1917,"Kineya, Kangorou Gosei"
522,杵屋 佐吉　四世,1887,1945,"Kineya, Sakichi Yonsei"
523,杵屋 六左衛門　十三世,1870,1940,"Kineya, Rokuzaemon Jusansei"
524,杵屋 六三郎　四世,1779,1855,"Kineya, Rokusaburo Yonsei"
525,木下 尚江,1869,1937,"Kinoshita, Naoe"
526,木下 利玄,1886,1925,"Kinoshita, Rigen"
527,木村 曙,1872,1890,"Kimura, Akebono"
528,木村 秋生,1903,1946,"Kimura,"
529,木村 泰賢,1881,1931,"Kimura, Taiken"
530,木村 富子,1890,1944,"Kimura, Tomiko"
531,木村 素衛,1905,1946,"Kimura, Motomori"
532,清元 延寿太夫　五代,1862,1940,"Kiyomoto, Enjudayu Godai"
533,清元 きん,N/A,1940,"Kiyomoto, Kin"
534,清元 太兵衛,1873,1937,"Kiyomoto,"
535,桐生 悠々,1873,1941,"Kiryu, Yuyu"
536,草場 精一,1909,1944,"Kusaba,"
537,久保 良英,1883,1942,"Kubo, Yoshihide"
538,久保田 公平,1912,1945,"Kubota, Kohei"
539,栗島 狭衣,1876,1945,"Kurishima, Sagoromo"
540,廚川 白村,1880,1923,"Kuriyagawa, Hakuson"
541,黒板 勝美,1874,1946,"Kuroita, Katsumi"
542,桑木 厳翼,1874,1946,"Kuwaki, Gen'yoku"
543,桑田 春風,1877,1935,"Kuwata, Shunpu"
544,古泉 千樫,1886,1927,"Koizumi, Chikashi"
545,小泉 長三,1878,1941,"Koizumi, Chozo"
546,幸田 延,1870,1946,"Kouda,"
547,幸堂 得知,1843,1913,"Kodo, Tokuchi"
548,河野 武夫,N/A,1936,"Kouno,"
549,河野 通視,1904,1942,"Kouno,"
550,古賀 城武,1860,1943,"Koga,"
551,小島 貞介,1907,1946,"Kojima, Teisuke"
552,小杉 睦郎,1899,1945,"Kosugi,"
553,児玉 花外,1874,1943,"Kodama, Kagai"
554,小寺 融吉,1895,1945,"Kodera, Yukichi"
555,後藤 朝太郎,1881,1945,"Goto, Asataro"
556,近衛 直麿,1900,1932,"Konoe, Naomaro"
557,小林 愛雄,1881,1946,"Kobayashi, Yoshio"
558,小松 検校,N/A,1915,"Komatsu,"
559,小山 作之助,1863,1927,"Koyama, Sakunosuke"
560,近藤 朔風,1880,1915,"Kondou, Sakufuu"
561,近藤 精治,1883,1940,"Kondou,"
562,三枝 義夫,1901,1944,"Saigusa, Yoshio"
563,斎藤 悦子,1905,1928,"Saito, Etsuko"
564,斎藤 秀三郎,1866,1929,"Saito, Hidesaburo"
565,斎藤 緑雨,1868,1904,"Saito, Ryokuu"
566,早乙女 光,1904,1944,"Saotome,"
567,酒井 幽泉,1890,1946,"Sakai,"
568,坂口 昂,1872,1928,"Sakaguchi, Takashi"
569,嵯峨の屋 お室　→矢崎嵯峨の舎,1863,1947,"Saganoya, Omuro"
570,坂本 昌行,N/A,1932,"Sakamoto,"
571,佐久間 政吉,1905,1945,"Sakuma,"
572,桜田 治助　初代,1734,1806,"Sakurada, Jisuke Shodai"
573,笹川 臨風,1870,1949,"Sasakawa, Rinpu"
574,佐々 醒雪,1872,1917,"Sassa, Seisetsu"
575,佐藤 紅緑,1874,1949,"Sato, Koroku"
576,佐藤 仁之助,1869,1939,"Sato, Jinnosuke"
577,佐藤 惣之助,1890,1942,"Sato, Sonosuke"
578,里見 松静,1894,1938,"Satomi,"
579,佐野 文夫,1892,1931,"Sano, Fumio"
580,佐原 盛純,1835,1908,"Sahara, Morizumi"
581,沢 康雄,1888,1932,"Sawa,"
582,沢木 四方吉,1886,1930,"Sawaki, Yomokichi"
583,沢田 撫松,1871,1927,"Sawada, Busho"
584,沢村 寅二郎,1885,1945,"Sawamura, Torajiro"
585,三文字屋 金平　→内田魯庵,1868,1929,"Sanmonjiya, Kinpira"
586,塩井 雨江,1869,1913,"Shioi, Uko"
587,志賀 重昂,1863,1927,"Shiga, Shigetaka"
588,四竈 訥治,1854,1928,"Shikama, Totsuji"
589,繁野 天来,1874,1933,"Shigeno, Tenrai"
590,重野 安繹,1827,1910,"Shigeno, Yasutsugu"
591,志田 十三,1910,1944,"Shida,"
592,篠原 鳳作,1906,1936,"Shinohara, Hosaku"
593,芝 祐夏,1868,1928,"Shiba,"
594,芝 不器男,1903,1930,"Shiba, Fukio"
595,島田 清次郎,1899,1930,"Shimada, Seijiro"
596,島田 青峰,1882,1944,"Shimada, Seiho"
597,島津 久基,1891,1949,"Shimazu, Hisamoto"
598,島津 保次郎,1897,1945,"Shimazu, Yasujiro"
599,島村 抱月,1871,1918,"Shimamura, Hogetsu"
600,清水 金太郎,1889,1932,"Shimizu,"
601,十一谷 義三郎,1897,1937,"Juichiya, Gisaburo"
602,白石 実三,1886,1937,"Shiraishi, Jitsuzo"
603,白鳥 庫吉,1865,1942,"Shiratori, Kurakichi"
604,末広 鉄腸,1849,1896,"Suehiro, Teccho"
605,杉浦 重剛,1855,1924,"Sugiura, Juugou"
606,杉田 久女,1890,1946,"Sugita, Hisajo"
607,杉谷 代水,1874,1915,"Sugitani, Daisui"
608,杉村 楚人冠,1872,1945,"Sugimura, Sojinkan"
609,鈴木 福太郎,1912,1945,"Suzuki,"
610,鈴木 米次郎,1868,1940,"Suzuki, Yonejiro"
611,須藤 南翠,1857,1920,"Sudo, Nansui"
612,関根 正直,1860,1932,"Sekine, Masanao"
613,関屋 敏子,1904,1941,"Sekiya,"
614,瀬戸 英一,1892,1934,"Seto, Eiichi"
615,瀬戸口 藤吉,1868,1941,"Setoguchi,"
616,千家 照子,1896,1932,"Senge,"
617,千家 元麿,1888,1948,"Senge, Motomaro"
618,外山 丶山　→外山正一,1848,1900,"Toyama, Chuzan"
619,園田 てる子,1926,1926,"Sonoda, Teruko"
620,田岡 嶺雲,1870,1912,"Taoka, Reiun"
621,高垣 松雄,1890,1940,"Takagaki, Matsuo"
622,高崎 正風,1836,1912,"Takasaki, Masakaze"
623,高沢 隆,1887,1935,"Takazawa,"
624,高階 哲夫,1896,1945,"Takashina,"
625,高須 芳次郎,1880,1948,"Takasu, Yoshijiro"
626,高田 蝶衣,1886,1930,"Takada, Choi"
627,高田 正章,1903,1944,"Takada,"
628,高橋 箒庵,1861,1937,"Takahashi, Soan"
629,高橋 信夫,1907,1945,"Takahashi,"
630,高峰 筑風,N/A,1936,"Takamine,"
631,高安 月郊,1869,1944,"Takayasu, Gekko"
632,滝 精一,1873,1945,"Taki, Seiichi"
633,滝 廉太郎,1879,1903,"Taki, Rentaro"
634,田口 卯吉,1855,1905,"Taguchi, Ukichi"
635,田口 掬汀,1875,1943,"Taguchi, Kikutei"
636,竹内 勝太郎,1894,1935,"Takeuchi, Katsutaro"
637,竹内 仁,1898,1922,"Takenouchi, Masashi"
638,竹内 栖鳳,1864,1942,"Takeuchi, Seiho"
639,竹内 俊子,1905,1945,"Takeuchi, Toshiko"
640,竹内 延好,1919,1942,"Takeuchi,"
641,竹田 新一郎,N/A,1937,"Takeda,"
642,武信 由太郎,1863,1930,"Takenobu, Yoshitaro"
643,橘 旭翁,1874,1945,"Tachibana,"
644,橘 旭紘,1871,1945,"Tachibana,"
645,橘 英之祐,N/A,1938,"Tachibana,"
646,立田 謙一,1891,1942,"Tatsuta, Ken'ichi"
647,田中 王堂,1868,1932,"Tanaka, Odo"
648,田中 舎身,N/A,1934,"Tanaka,"
649,田中 正造,1841,1913,"Tanaka, Shozo"
650,田中 萃一郎,1873,1923,"Tanaka, Suiichiro"
651,棚橋 梅巷,N/A,1939,"Tanahashi,"
652,田辺 茂,1912,1944,"Tanabe,"
653,田辺 友三郎,N/A,1933,"Tanabe,"
654,田丸 卓郎,1872,1932,"Tamaru, Takuro"
655,田村 俊子,1884,1945,"Tamura, Toshiko"
656,田村 虎蔵,1881,1943,"Tamura,"
657,茅野 蕭々,1883,1946,"Chino, Shosho"
658,茅野 雅子,1880,1946,"Chino, Masako"
659,千葉 亀雄,1878,1935,"Chiba, Kameo"
660,塚原 渋柿園,1848,1917,"Tsukahara, Jushien"
661,塚本 篤夫,1903,1946,"Tsukamoto, Atsuo"
662,津田 青寛,1882,1946,"Tsuda,"
663,角田 浩々歌客,1869,1916,"Kakuda, Kokokakyaku"
664,津村 京村,1893,1937,"Tsumura, Kyoson"
665,伝田 治朗,1886,1945,"Denda,"
666,東海 散士,1852,1922,"Tokai, Sanshi"
667,東儀 鉄笛,1869,1925,"Togi, Tetteki"
668,戸川 残花,1855,1924,"Togawa, Zanka"
669,戸川 秋骨,1871,1939,"Togawa, Shukotsu"
670,常盤 大定,1870,1945,"Tokiwa, Daijo"
671,常盤津 文字兵衛,1856,1924,"Tokiwadu,"
672,徳尾 俊彦,1887,1943,"Tokuo, Toshihiko"
673,得能 文,1866,1945,"Tokuno, Bun"
674,徳山 たまき,1903,1942,"Tokuyama, Tamaki"
675,鳥取 春陽,1900,1932,"Tottori,"
676,戸鞠 雅彦,1908,1946,"Tomari, Masahiko"
677,富田 木歩,1897,1923,"Tomita, Moppo"
678,富永 太郎,1901,1925,"Tominaga, Taro"
679,富本 豊前,1857,1933,"Tomimoto,"
680,豊沢 扇之助,1911,1945,"Toyosawa,"
681,豊田 義一,N/A,1941,"Toyoda,"
682,鳥井 素川,1867,1928,"Torii, Sosen"
683,鳥山 啓,1837,1914,"Toriyama, Hiraku"
684,内藤 鳴雪,1847,1926,"Naito, Meisetsu"
685,那珂 通世,1851,1908,"Naka, Michiyo"
686,永井 ひろ,1868,1936,"Nagai, Hiro"
687,永井 柳太郎,1881,1944,"Nagai, Ryutaro"
688,中尾 茂,1903,1944,"Nakao,"
689,長尾 豊,1889,1936,"Nagao, Yutaka"
690,中沢 臨川,1878,1920,"Nakazawa, Rinsen"
691,中島 歌子,1845,1903,"Nakajima, Utako"
692,中島 孤島,1878,1946,"Nakajima, Koto"
693,中田 章,1886,1931,"Nakada, Akira"
694,仲田 勝之助,1886,1945,"Nakada, Katsunosuke"
695,永田 錦心,1885,1913,"Nagata,"
696,中塚 一碧楼,1887,1946,"Nakatsuka, Ippekiro"
697,中戸川 吉二,1896,1942,"Nakatogawa, Kichiji"
698,長棟 暉友,1888,1945,"Nagamune, Terutomo"
699,中村 数之輔,N/A,1932,"Nakamura,"
700,中村 吉蔵,1877,1941,"Nakamura, Kichizo"
701,中村 敬宇　→中村正直,1832,1891,"Nakamura, Keiu"
702,中村 憲吉,1889,1934,"Nakamura, Kenkichi"
703,中村 秋香,1841,1910,"Nakamura, Akika"
704,中村 達太郎,1860,1942,"Nakamura, Tatsutaro"
705,中村 不折,1866,1943,"Nakamura, Fusetsu"
706,中村 武羅夫,1886,1949,"Nakamura, Murao"
707,半井 桃水,1860,1926,"Nakarai, Tosui"
708,那智 俊宣,N/A,1931,"Nachi,"
709,浪上 義三郎,N/A,1940,"Namiue, Gisaburo"
710,並木 秀夫,1911,1945,"Namiki,"
711,成田 為三,1893,1945,"Narita, Tamezo"
712,成島 柳北,1837,1884,"Narushima, Ryuhoku"
713,名和 梅吉,1874,1945,"Nawa, Umekichi"
714,西 雅雄,1896,1944,"Nishi, Masao"
715,西川 勉,1894,1934,"Nishikawa, Tsutomu"
716,西村 真次,1879,1943,"Nishimura, Shinji"
717,西村 天囚,1865,1924,"Nishimura, Tenshu"
718,新渡戸 稲造,1862,1933,"Nitobe, Inazo"
719,沼波 瓊音,1877,1927,"Nunami, Keion"
720,納所 弁次郎,1865,1936,"Nosho, Benjiro"
721,野間 清治,1878,1938,"Noma, Seiji"
722,野村 芳亭,N/A,1934,"Nomura,"
723,芳賀 矢一,1867,1927,"Haga, Yaichi"
724,萩岡 松韻,1868,1936,"Hagioka,"
725,萩原 恭次郎,1899,1938,"Hagiwara, Kyojiro"
726,長谷川 時雨,1879,1941,"Hasegawa, Shigure"
727,長谷川 千秋,1908,1945,"Hasegawa, Senshu"
728,長谷川 天渓,1876,1940,"Hasegawa, Tenkei"
729,長谷川 安兵衛,1896,1942,"Hasegawa, Yasube"
730,畑 喜代司,N/A,1945,"Hata,"
731,旗野 十一郎,1851,1908,"Hatano, Torihiko"
732,服部 誠一,1841,1908,"Hattori, Seiichi"
733,服部 躬治,1875,1925,"Hattori, Motoharu"
734,浜田 耕作　→浜田青陵,1881,1938,"Hamada, Kosaku"
735,浜田 良隆,N/A,1927,"Hamada,"
736,早川 二郎,1905,1937,"Hayakawa, Jiro"
737,林 大作,1905,1935,"Hayashi, Daisaku"
738,速水 滉,1876,1943,"Hayami, Hiroshi"
739,原 敬,1856,1921,"Hara, Takashi"
740,原口 統三,1927,1946,"Haraguchi, Tozo"
741,原田 熊雄,1888,1946,"Harada, Kumao"
742,原田 光子,1909,1946,"Harada, Mitsuko"
743,阪 正臣,1855,1931,"Ban, Masaomi"
744,樋口 晴雄,1915,1943,"Higuchi,"
745,日比野 勇夫,1893,1928,"Hibino, Isao"
746,平岡 吟舟,1858,1934,"Hiraoka,"
747,平木 白星,1876,1915,"Hiraki, Hakusei"
748,平田 晋策,1904,1936,"Hirata, Shinsaku"
749,平戸 大,N/A,1938,"Hirato, Dai"
750,平福 百穂,1877,1933,"Hirafuku, Hyakusui"
751,広江 八重桜,1879,1945,"Hiroe, Yaezakura"
752,広瀬 渉,1882,1944,"Hirose,"
753,深田 康算,1878,1928,"Fukada, Yasukazu"
754,福士 幸次郎,1889,1946,"Fukushi, Kojiro"
755,福地 桜痴,1841,1906,"Fukuchi, Ochi"
756,福原 鶴三郎,N/A,1924,"Fukuhara,"
757,福本 日南,1857,1921,"Fukumoto, Nichinan"
758,藤井 乙男,1868,1945,"Fujii, Otoo"
759,藤井 清水,1889,1944,"Fujii,"
760,富士川 游,1865,1940,"Fujikawa, Yu"
761,藤田 徳太郎,1901,1945,"Fujita, Tokutaro"
762,富士松 加賀太夫,N/A,1930,"Fujimatsu,"
763,藤原 松三郎,1881,1946,"Fujiwara, Matsusaburo"
764,船橋 栄吉,1889,1932,"Funabashi,"
765,逸見 猶吉,1907,1946,"Henmi, Yukichi"
766,坊田 かずま,1902,1942,"Bouda, Kazuma"
767,本多 謙三,1880,1938,"Honda, Kenzo"
768,本田 美禅,1868,1946,"Honda, Bizen"
769,本地 正輝,1898,1942,"Honchi, Masateru"
770,前田 曙山,1871,1941,"Maeda, Shozan"
771,牧野 喬,1903,1945,"Makino, Takashi"
772,牧野 輝智,1879,1941,"Makino, Terutomo"
773,牧野 伸顕,1861,1949,"Makino, Nobuaki"
774,真下 飛泉,1878,1912,"Mashita, Hisen"
775,増田 篤夫,1891,1936,"Masuda, Atsuo"
776,増地 庸治郎,1896,1945,"Masuchi, Yojiro"
777,町田 桜園,N/A,1928,"Machida, Oen"
778,松井 簡治,1863,1945,"Matsui, Kanji"
779,松居 松翁,1870,1933,"Matsui, Shoo"
780,松岡 静雄,1877,1936,"Matsuoka, Shizuo"
781,松下 大三郎,1878,1935,"Matsushita, Daizaburo"
782,松原 二十三階堂,1866,1935,"Matsubara, Nijusankaido"
783,松本 亦太郎,1865,1943,"Matsumoto, Matataro"
784,松山 武,1898,1938,"Matsuyama, Takeshi"
785,馬淵 冷佑,N/A,1941,"Mabuchi, Reiyu"
786,三浦 吉兵衛,1877,1939,"Miura, Kichibe"
787,三浦 新七,1877,1946,"Miura, Shinshichi"
788,三浦 環,1884,1946,"Miura, Tamaki"
789,三浦 周行,1871,1931,"Miura, Hiroyuki"
790,三ヶ島 葭子,1886,1927,"Mikashima, Yoshiko"
791,三上 参次,1865,1939,"Mikami, Sanji"
792,三木 竹二,1867,1908,"Miki, Takeji"
793,三沢 勝衛,1885,1937,"Misawa, Katsue"
794,三島 中洲,1830,1919,"Mishima, Chushu"
795,水谷 竹紫,1882,1935,"Mizutani, Chikushi"
796,三角 錫子,1872,1921,"Misumi, Suzuko"
797,箕作 元八,1862,1919,"Mitsukuri, Genpachi"
798,三矢 重松,1871,1937,"Mitsuya, Shigematsu"
799,三富 朽葉,1889,1917,"Mitomi, Kuchiha"
800,水上 滝太郎,1887,1940,"Minakami, Takitaro"
801,三宅 幾三郎,1897,1941,"Miyake, Ikusaburo"
802,三宅 花圃,1869,1943,"Miyake, Kaho"
803,三宅 雪嶺,1860,1945,"Miyake, Setsurei"
804,三宅 やす子,1890,1932,"Miyake, Yasuko"
805,宮崎 湖処子,1864,1922,"Miyazaki, Koshoshi"
806,宮崎 三昧,1859,1919,"Miyazaki, Sanmai"
807,宮島 新三郎,1892,1934,"Miyajima, Shinzaburo"
808,宮島 吉敏,1888,1946,"Miyajima, Yoshitoshi"
809,宮原 晃一郎,1882,1945,"Miyahara, Koichiro"
810,村井 弦斎,1863,1927,"Murai, Gensai"
811,村岡 楽童,1881,1940,"Muraoka,"
812,村岡 典嗣,1884,1946,"Muraoka, Tsunetsugu"
813,村岡 櫟斎,N/A,1917,"Muraoka,"
814,村上 鬼城,1865,1938,"Murakami, Kijo"
815,村上 浪六,1865,1944,"Murakami, Namiroku"
816,村川 堅固,1875,1946,"Murakawa, Kengo"
817,村越 国保,N/A,1936,"Murakoshi,"
818,最上 洋,1913,1938,"Mogami,"
819,茂木 蔵之助,1880,1945,"Mogi, Kuranosuke"
820,本居 豊頴,1838,1913,"Motoori, Toyokai"
821,本居 長世,1885,1945,"Motoori, Nagayo"
822,物部 長穂,1888,1940,"Mononobe, Nagaho"
823,森 槐南,1863,1911,"Mori, Kainan"
824,森 春濤,1819,1889,"Mori, Shunto"
825,森田 思軒,1861,1897,"Morita, Shiken"
826,森田 草平,1881,1949,"Morita, Sohei"
827,森本 薫,1912,1946,"Morimoto, Kaoru"
828,森山 汀川,1880,1946,"Moriyama, Teisen"
829,矢崎 弾,1906,1946,"Yazaki, Dan"
830,矢島 籠児,1908,1946,"Yajima,"
831,柳川 春葉,1877,1918,"Yanagawa, Shun'yo"
832,柳原 利次,1902,1937,"Yanagihara,"
833,矢野 竜渓,1851,1931,"Yano, Ryukei"
834,山川 章太郎,1884,1941,"Yamakawa,"
835,山岸 光宣,1879,1943,"Yamagishi, Mitsunobu"
836,山口 雄二,1908,1945,"Yamaguchi,"
837,山路 愛山,1865,1917,"Yamaji, Aizan"
838,山下 検校,N/A,1918,"Yamashita,"
839,山勢 松韻,N/A,1908,"Yamase,"
840,山田 巌,1880,1943,"Yamada, Iwao"
841,山田 源一郎,1869,1927,"Yamada, Gen'ichiro"
842,山田 珠樹,1893,1943,"Yamada, Tamaki"
843,山田 美妙,1868,1910,"Yamada, Bimyo"
844,山中 直治,1906,1936,"Yamanaka,"
845,山野 勝,1906,1944,"Yamano,"
846,山室 軍平,1872,1940,"Yamamuro, Gunpei"
847,山本 孝,1917,1946,"Yamamoto,"
848,結城 よしを,1920,1944,"Yuki, Yoshio"
849,与謝野 鉄幹　→与謝野寛,1873,1935,"Yosano, Tekkan"
850,吉川 秀雄,1882,1944,"Yoshikawa, Hideo"
851,吉住 小十郎,1886,1933,"Yoshizumi, Kojuro"
852,吉田 草紙庵,1875,1946,"Yoshida, Soshian"
853,吉田 東伍,1864,1918,"Yoshida, Togo"
854,吉田 良三,1878,1944,"Yoshida, Ryozo"
855,吉水 錦翁,N/A,1910,"Yoshimizu,"
856,吉村 一昌,N/A,1916,"Yoshimura,"
857,依田 秋圃,1885,1943,"Yoda, Shuho"
858,鷲尾 順敬,1868,1941,"Washio, Junkyo"
859,渡辺 霞亭,1864,1926,"Watanabe, Katei"
860,渡辺 輝美井,1893,1936,"Watanabe,"
861,渡辺 水巴,1882,1946,"Watanabe, Suiha"
862,渡辺 黙禅,1870,1945,"Watanabe, Mokuzen"
863,大島 亮吉,1899,1928,"Oshima, Ryokichi"
864,板倉 勝宣,1898,1923,"Itakura, Katsunobu"
865,瓶井 めぐみ,N/A,N/A,"Kamei, Megumi"
866,狩野 亨吉,1865,1942,"Kano, Kokichi"
867,高橋 是清,1864,1936,"Takahashi, Korekiyo"
868,池宮城 積宝,1893,1951,"Ikemiyagi, Sekiho"
869,永崎 貢,1908,1934,"Nagasaki, Mitsugu"
870,山本 勝治,N/A,1929,"Yamamoto, Katsuji"
871,小野 浩,1894,1933,"Ono, Hiroshi"
872,木内 高音,1896,1951,"Kiuchi, Takane"
873,金田 千鶴,1902,1934,"Kanada, Chizu"
874,尾形 亀之助,1900,1942,"Ogata, Kamenosuke"
879,芥川 竜之介,1892,1927,"Akutagawa, Ryunosuke"
880,枯葉,N/A,N/A,"Kareha,"
881,ブウテ フレデリック,1874,1941,"Boutet, Frederic"
882,プレヴォー マルセル,1862,1941,"Prevost, Marcel"
883,モルナール フェレンツ,1878,1952,"Molnar, Ferenc"
884,ディモフ オシップ,1878,1959,"Dymow, Ossip"
885,与謝野 晶子,1878,1942,"Yosano, Akiko"
886,泉 鏡太郎　→泉鏡花,1873,1939,"Izumi, Kyotaro"
887,ピランデルロ ルイジ,1867,1936,"Pirandello, Luigi"
888,スティーブンソン ロバート・ルイス,1850,1894,"Stevenson, Robert Louis"
890,バリ ジェームス・マシュー,1860,1937,"Barrie, James Matthew"
891,加福 均三,1885,1948,"Kafuku, Kinzo"
892,ケネディ ジョン・フィッツジェラルド,1917,1963,"Kennedy, John Fitzgerald"
893,ジョンソン リンドン,1908,1973,"Jonson, Lyndon"
894,ニクソン リチャード,1913,1994,"Nixon, Richard"
895,カーター ジミー,1924,N/A,"Carter, Jimmy"
896,レーガン ロナルド,1911,N/A,"Reagan, Ronald"
897,ブッシュ ジョージ,1924,N/A,"Bush, George"
898,クリントン ビル,1946,N/A,"Clinton, Bill"
899,ブッシュ ジョージ・ウォーカー,1946,N/A,"Bush, George Walker"
900,橋本 五郎,1903,1948,"Hashimoto, Goro"
901,高瀬 泰司,N/A,N/A,"Takase, Taiji"
902,カント イマヌエル,1724,1804,"Kant, Immanuel"
903,モーパッサン ギ・ド,1850,1893,"Maupassant, Guy De"
904,田沢 稲舟,1874,1896,"Tazawa, Inabune"
905,ホーソーン ナサニエル,1804,1864,"Hawthorne, Nathaniel"
906,豊島 与志雄,1890,1955,"Toyoshima, Yoshio"
907,アンドレーエフ レオニード・ニコラーエヴィチ,1871,1919,"Andreev, Leonid Nikolaevich"
908,坂本 竜馬,1836,1867,"Sakamoto, Ryoma"
909,新居 格,1888,1951,"Nii, Itaru"
910,清沢 洌,1890,1945,"Kiyosawa, Kiyoshi"
911,ささき ふさ,1897,1949,"Sasaki, Fusa"
912,スウィフト ジョナサン,1667,1745,"Swift, Jonathan"
913,sogo,N/A,N/A,"Sogo,"
914,ディケンズ チャールズ,1812,1870,"Dickens, Charles"
915,プラトン,N/A,N/A,"Plato,"
916,芦田 恵之助,1873,1951,"Ashida, Enosuke"
917,臼田 亜浪,1879,1951,"Usuda, Aro"
918,岡 麓,1877,1951,"Oka, Fumoto"
919,加藤 一夫,1887,1951,"Kato, Kazuo"
920,金子 薫園,1876,1951,"Kaneko, Kun'en"
921,佐藤 義亮,1878,1951,"Sato, Yoshisuke"
922,末弘 厳太郎,1888,1951,"Suehiro, Izutaro"
923,朝永 三十郎,1871,1951,"Tomonaga, Sanjuro"
924,永井 隆,1908,1951,"Nagai, Takashi"
925,原 石鼎,1886,1951,"Hara, Sekitei"
926,福井 久蔵,1867,1951,"Fukui, Kyuzo"
927,穂積 重遠,1883,1951,"Hozumi, Shigeto"
928,前田 夕暮,1883,1951,"Maeda, Yugure"
929,宮島 資夫,1886,1951,"Miyajima, Sukeo"
930,山本 禾太郎,1889,1951,"Yamamoto, Nogitaro"
931,米窪 満亮,1888,1951,"Yonekubo, Mitsusuke"
932,鷲尾 雨工,1892,1951,"Washio, Uko"
933,折口 信夫,1887,1953,"Orikuchi, Shinobu"
934,塚原 蓼洲　→塚原渋柿園,1848,1917,"Tsukahara, Ryoshu"
935,レオニード Ｎ．アンドレーエフ,N/A,N/A,N/A
936,小泉 丹,1882,1952,"Koizumi, Makoto"
937,メンデル グレゴール・ヨハン,1822,1884,"Mendel, Gregor Johann"
938,観世 左近　二十四世,1895,1939,"Kanze, Sakon Nijuyonsei"
939,野口 米次郎,1875,1947,"Noguchi, Yonejiro"
940,別所 梅之助,1872,1945,"Bessho, Umenosuke"
941,水野 葉舟,1883,1947,"Mizuno, Yoshu"
942,福沢 桃介,1868,1938,"Fukuzawa, Momosuke"
943,北陸の子供たち２１名,N/A,N/A,"Hokurikunokodomotachinijuichimei,"
944,荒木 竹翁　→荒木古童,1823,1908,"Araki, Chikuo"
945,赤星 ヨウ,1890,1942,"Akaboshi, Yo"
946,荒木 巍,1905,1950,"Araki, Takashi"
947,池崎 忠孝,1891,1949,"Ikezaki, Tadataka"
948,市島 謙吉　→市島春城,1860,1944,"Ichijima, Kenkichi"
949,今井 登志喜,1886,1950,"Imai, Toshiki"
950,犬童 球渓,1879,1943,"Indo, Kyukei"
952,鍵谷 徳三郎,1867,1924,"Kagitani, Tokusaburo"
953,岸田 辰弥,1892,1944,"Kishida, Tatsuya"
954,木村 荘太,1889,1950,"Kimura, Sota"
955,児島 喜久雄,1887,1950,"Kojima, Kikuo"
956,白柳 秀湖,1884,1950,"Shirayanagi, Shuko"
957,鈴木 梅太郎,1874,1943,"Suzuki, Umetaro"
958,瀬川 如皐　四世,1857,1938,"Segawa, Joko Yonsei"
959,相馬 御風,1883,1950,"Soma, Gyofu"
960,山川 丙三郎,1876,1947,"Yamakawa, Heisaburo"
961,ダンテ アリギエリ,1265,1321,"Dante, Alighieri"
962,徳田 秋聲　→徳田秋声,1872,1943,"Tokuda, Shusei"
963,野上 豊一郎,1883,1950,"Nogami, Toyoichiro"
964,野上 豐一郎　→野上豊一郎,1883,1950,"Nogami, Toyoichiro"
965,丘 丘十郎　→海野十三,1897,1949,"Oka, Kyujuro"
966,海若 藍平　→夢野久作,1889,1936,"Kaijaku, Ranpei"
967,香倶土 三鳥　→夢野久作,1889,1936,"Kagutsuchi, Midori"
968,かぐつち みどり　→夢野久作,1889,1936,"Kagutsuchi, Midori"
969,杉山 萠円　→夢野久作,1889,1936,"Sugiyama, Hoen"
970,とだ けん　→夢野久作,1889,1936,"Toda, Ken"
971,萠円 　→夢野久作,1889,1936,"Hoen,"
972,萠円山人 　→夢野久作,1889,1936,"Hoensanjin,"
973,三鳥山人 　→夢野久作,1889,1936,"Midorisanjin,"
974,黒木 舜平　→太宰治,1909,1948,"Kuroki, Shunpei"
975,薄田 淳介　→薄田泣菫,1877,1945,"Susukida, Junsuke"
976,水上 瀧太郎　→水上滝太郎,1887,1940,"Minakami, Takitaro"
977,竹越 三叉,1865,1950,"Takekoshi, Sansa"
978,竹越 与三郎　→竹越三叉,1865,1950,"Takekoshi, Yosaburo"
979,竹越 與三郎　→竹越三叉,1865,1950,"Takekoshi, Yosaburo"
980,外山 正一,1848,1900,"Toyama, Masakazu"
981,巌谷 小波,1870,1933,"Iwaya, Sazanami"
982,尾形 龜之助　→尾形亀之助,1900,1942,"Ogata, Kamenosuke"
983,小栗 蟲太郎　→小栗虫太郎,1901,1946,"Oguri, Mushitaro"
984,葛西 善蔵,1887,1928,"Kasai, Zenzo"
985,黒島 傳治　→黒島伝治,1898,1943,"Kuroshima, Denji"
986,桑原 隲藏　→桑原隲蔵,1871,1931,"Kuwabara, Jitsuzo"
987,齋藤 緑雨　→斎藤緑雨,1868,1904,"Saito, Ryokuu"
988,世阿彌 元清　→世阿弥元清,1363,1443,"Zeami, Motokiyo"
989,三遊亭 円朝,1839,1900,"San'yutei, Encho"
990,野上 臼川　→野上豊一郎,1883,1950,"Nogami, Kyusen"
991,國木田 獨歩　→国木田独歩,1871,1908,"Kunikida, Doppo"
992,素木 しづ子　→素木しづ,1895,1918,"Shiraki, Shizuko"
993,談洲樓 燕枝　二代　→談洲楼燕枝　二代,1879,1935,"Danshuro, Enshi Nidai"
994,坪内 逍遙　→坪内逍遥,1859,1935,"Tsubouchi, Shoyo"
995,濱尾 四郎　→浜尾四郎,1896,1935,"Hamao, Shiro"
996,廣津 柳浪　→広津柳浪,1861,1928,"Hirotsu, Ryuro"
997,北条 民雄,1914,1937,"Hojo, Tamio"
998,細井 和喜藏　→細井和喜蔵,1897,1925,"Hosoi, Wakizo"
999,穗積 陳重　→穂積陳重,1855,1926,"Hozumi, Nobushige"
1000,穗積 重遠　→穂積重遠,1883,1951,"Hozumi, Shigeto"
1001,宮澤 賢治　→宮沢賢治,1896,1933,"Miyazawa, Kenji"
1002,與謝野 寛　→与謝野寛,1873,1935,"Yosano, Hiroshi"
1003,與謝野 鉄幹　→与謝野寛,1873,1935,"Yosano, Tekkan"
1004,與謝野 禮嚴　→与謝野礼厳,1823,1898,"Yosano, Reigon"
1005,渡邊 温　→渡辺温,1902,1930,"Watanabe, On"
1006,服部 水仙子　→水野仙子,1888,1919,"Hattori, Suisenko"
1007,中内 蝶二,1875,1937,"Nakauchi, Choji"
1008,中浜 哲,1897,1926,"Nakahama, Tetsu"
1009,橋田 東声,1886,1930,"Hashida, Tosei"
1010,長谷川 零余子,1886,1928,"Hasegawa, Reiyoshi"
1011,波多野 精一,1877,1950,"Hatano, Seiichi"
1012,原田 慶吉,1903,1950,"Harada, Keikichi"
1013,星野 天知,1862,1950,"Hoshino, Tenchi"
1014,細川 武夫,N/A,1944,"Hosokawa,"
1015,町田 杉勢,N/A,1929,"Machida,"
1016,松瀬 青々,1869,1937,"Matsuse, Seisei"
1017,三上 義夫,1875,1950,"Mikami, Yoshio"
1018,山城 正忠,1884,1949,"Yamashiro, Seichu"
1019,山口 剛,1884,1932,"Yamaguchi, Takeshi"
1021,井上 円了,1858,1919,"Inoue, Enryo"
1022,植松 眞人　→植松真人,N/A,N/A,"Uematsu, Masato"
1023,小澤 真理子　→小沢真理子,N/A,N/A,"Ozawa, Mariko"
1024,とだ けん さくぐわ　→とだけん,1889,1936,"Toda, Ken sakuga"
1025,ゲーテ ヨハン・ヴォルフガング・フォン,1749,1832,"Goethe, Johann Wolfgang von"
1026,関 寛,1830,1912,"Seki, Kan"
1027,石光 真清,1868,1942,"Ishimitsu, Makiyo"
1028,イプセン ヘンリック,1828,1906,"Ibsen, Henrik"
1029,デカルト ルネ,1596,1650,"Descartes, Rene"
1030,堀 辰雄,1904,1953,"Hori, Tatsuo"
1031,平野 萬里　→平野万里,1885,1947,"Hirano, Banri"
1032,堀口 九萬一　→堀口九万一,1865,1945,"Horiguchi, Kumaichi"
1033,眞山 青果　→真山青果,1878,1948,"Mayama, Seika"
1034,浅野 和三郎,1874,1937,"Asano, Wasaburo"
1035,モーゼス ウィリアム・ステイントン,1839,1892,"Moses, William Stainton"
1036,フィッツジェラルド フランシス・スコット,1896,1940,"Fitzgerald, Francis Scott"
1037,原 勝郎,1871,1924,"Hara, Katsuro"
1040,sonota,N/A,N/A,N/A
1041,その他,N/A,N/A,N/A
1042,片山 潜,1859,1933,"Sen, Katayama"
1043,横山 源之助,1871,1915,"Yokoyama, Gennosuke"
1044,ド・ラ・ラメー マリー・ルイーズ,1839,1908,"de la Ramee, Marie Louise"
1045,バーネット フランシス・ホジソン・エリザ,1849,1924,"Burnett, Frances Eliza Hodgson"
1046,ウィーダ 　→ド・ラ・ラメーマリー・ルイーズ,1839,1908,"Ouida,"
1047,マロ エクトール・アンリ,1830,1907,"Malot, Hector Henri"
1048,アミーチス エドモンド・デ,1846,1908,"Amicis, Edmondo De"
1049,ファーブル ジャン・アンリ,1823,1915,"Fabre, Jean Henri"
1050,山辺 習学,1882,1944,"Yamabe, Shugaku"
1051,蒲  松齢,1640,1715,"Pu, Songling"
1052,久坂 葉子,1931,1952,"Kusaka, Yoko"
1053,峠 三吉,1917,1953,"Toge, Sankichi"
1054,浜田 青陵,1881,1938,"Hamada, Seiryo"
1055,蒲原 有明,1875,1952,"Kanbara, Ariake"
1056,瞿 宗吉　→瞿佑,1341,1427,"Ku, Sokitsu"
1057,陳 玄祐,N/A,N/A,"Chen, Xuanyou"
1058,ホフマン エルンスト・テオドーア・アマーデウス,1776,1822,"Hoffmann, Ernst Theodor Amadeaus"
1059,斎藤 茂吉,1882,1953,"Saito, Mokichi"
1060,上塚 司,1890,1978,"Uetsuka, Tsukasa"
1061,中山 省三郎,1904,1947,"Nakayama, Sgozaburo"
1062,ストリンドベリ アウグスト,1849,1912,"Strindberg, August"
1063,源信,N/A,1017,"Genshin,"
1064,オグデン チャールズ・カイ,1889,1957,"Ogden, Charles Kay"
1065,高田 力,N/A,1950,"Takata, Tsutomu"
1066,ビアス アンブローズ,1842,1914,"Bierce, Ambrose"
1067,可児 藤吉,1908,1944,"Kani, Tokichi"
1068,釈 迢空　→折口信夫,1887,1953,"Shaku, Choku"
1069,ベーコン フランシス,1561,1626,"Bacon, Francis"
1070,神吉 三郎,1899,1952,"Kanki, Saburo"
1071,近松 門左衛門,1653,1724,"Chikamatsu, Monzaemon"
1072,和田 万吉,1865,1934,"Wada, Mankichi"
1073,高田 保,1895,1952,"Takada, Tamotsu"
1074,水谷 まさる,1894,1950,"Mizutani, Masaru"
1075,タゴール ラビンドラナート,1861,1941,"Tagore, Rabindranath"
1076,高良 とみ,1896,1993,"Kora, Tomi"
1077,郡 虎彦,1890,1924,"Kori, Torahiko"
1078,瞿 佑,1341,1427,"Qu, You"
1079,井上 芳郎,1988,1945,"Inoue, Yosio"
1080,藪野 椋十,1872,1926,"Yabuno, Mukuju"
1081,土井 晩翠,1871,1952,"Doi, Bansui"
1082,相馬 泰三,1885,1952,"Soma, Taizo"
1083,矢崎 嵯峨の舎,1863,1947,"Yazaki, Saganoya"
1084,寺島 柾史,1893,1952,"Terashima, Masashi"
1085,イエイツ ウィリアム・バトラー,1865,1939,"Yeats, William Butler"
1086,ゴーチェ テオフィル,1811,1872,"Gautier, Theophile"
1087,デフォー ダニエル,1659,1731,"Defoe, Daniel"
1088,プーシキン アレクサンドル・セルゲーヴィチ,1799,1837,"Pushkin, Aleksandr Sergeevich"
1089,リットン エドワード・ジョージ・アール・ブルワー,1803,1873,"Lytton, Edward George Earle Bulwer"
1090,オルコット ルイーザ・メイ,1832,1888,"Alcott, Louisa May"
1091,グリム ヤーコプ・ルートヴィッヒ・カール,1785,1863,"Grimm, Jacob Ludwig Carl"
1092,グリム ヴィルヘルム・カール,1786,1859,"Grimm, Wilhelm Carl"
1093,ロラン ロマン,1866,1944,"Rolland, Romain"
1094,ユゴー ヴィクトル,1802,1885,"Hugo, Victor"
1095,坂口 安吾,1906,1955,"Sakaguchi, Ango"
1096,榊 亮三郎,1872,1946,"Sakaki, Ryozaburo"
1097,下村 湖人,1884,1955,"Shimomura, Kojin"
1098,ホメロス,N/A,N/A,"Homeros,"
1099,ホーマー 　→ホメロス,N/A,N/A,"Homer,"
1100,イソップ,N/A,N/A,"Aesop,"
1101,ミルトン ジョン,1608,1674,"Milton, John"
1102,バニヤン ジョン,1628,1688,"Bunyan, John"
1103,バンヤン ジョン　→バニヤンジョン,1628,1688,"Bunyan, John"
1104,松本 雲舟,1882,1948,"Matsumoto, Unshu"
1105,バイロン ジョージ・ゴードン,1788,1824,"Byron, George Gordon"
1106,幡谷 正雄,1897,1933,"Hataya, Masao"
1107,ハイネ ハインリッヒ,1797,1856,"Heine, Heinrich"
1108,エマーソン ラルフ・ウォルド,1803,1882,"Emerson, Ralph Waldo"
1109,デュマ アレクサンドル,1803,1870,"Dumas, Alexandre"
1110,シュティフター アーダルベルト,1805,1868,"Stifter, Adalbert"
1111,ブロンテ シャーロット,1816,1855,"Bronte, Charlotte"
1112,ハガード ヘンリー・ライダー,1856,1925,"Haggard, Henry Rider"
1113,ハーディー トーマス,1840,1928,"Hardy, Thomas"
1114,ロスタン エドモン,1868,1918,"Rostand, Edomond"
1115,メーテルリンク モーリス,1862,1949,"Maeterlinck, Maurice"
1117,マクドナルド ジョージ,1824,1905,"MacDonald, George"
1118,中山 昌樹,1886,1944,"Nakayama, Masaki"
1119,岩波 茂雄,1881,1946,"Iwanami, Shigeo"
1120,須川 邦彦,1880,1949,"Sugawa, Kunihiko"
1121,ルブラン モーリス,1864,1941,"Leblanc, Maurice"
1122,戸川 明三　→戸川秋骨,1871,1939,"Togawa, Meizo"
1123,チェスタートン ギルバート・キース,1874,1936,"Chesterton, Gilbert Keith"
1124,魯迅,1881,1936,"Lu Xun,"
1125,井上 紅梅,1881,1950,"Inoue, Kobai"
1126,ヴェルヌ ジュール,1828,1905,"Verne, Jules"
1127,狩野 直喜,1868,1947,"Kano, Naoki"
1128,文部省,N/A,N/A,"Monbusho,"
1129,ガボリオ エチエンヌ・エミール,1832,1873,"Gaboriau, Etienne Emile"
1130,ドゥーゼ サミュエル・オーギュスト,1873,1933,"Duse, Samuel August"
1131,新青年編輯局,N/A,N/A,"Shinseinen henshukyoku,"
1132,平山 蘆江,1882,1953,"Hirayama, Roko"
1133,三田村 鳶魚,1870,1952,"Mitamura, Engyo"
1134,ペロー シャルル,1628,1703,"Perrault, Charles"
1135,ド・ヴィルヌーヴ ガブリエル=シュザンヌ・バルボ,1695,1755,"de Villeneuve, Gabrielle-Susanne Barbot"
1136,ウォーレス リチャード　ホレイショー　エドガー,1875,1932,"Wallace, Richard Horatio Edgar"
1137,婦人文化研究会,N/A,N/A,"Fujinbunkakenkyukai,"
1138,マルクス カール・ハインリッヒ,1818,1883,"Marx, Karl Heinrich"
1139,エンゲルス フリードリッヒ,1820,1895,"Engels, Friedrich"
1140,阿部 正己,1879,1946,"Abe, Masaki"
1141,沢田 正二郎,1892,1929,"Sawada, Shojiro"
1142,酒井 嘉七,1903,1946,"Sakai, Kashichi"
1143,西尾 正,1907,1949,"Nishio, Tadashi"
1144,クラウフォード フランシス・マリオン,1854,1909,"Crawford, Francis Marion"
1145,ストックトン フランシス・リチャード,1834,1902,"Stockton, Francis Richard"
1146,清水 紫琴,1868,1933,"Shimizu, Shikin"
1147,相馬 愛蔵,1870,1954,"Soma, Aizo"
1148,相馬 黒光,1876,1955,"Soma, Kokko"
1149,マルサス トマス・ロバート,1766,1834,"Malthus, Thomas Robert"
1150,吉田 秀夫,1906,1953,"Yoshida, Hideo"
1151,久米 正雄,1891,1952,"Kume, Masao"
1152,谷本 富,1867,1946,"Tanimoto, Tomeri"
1153,長岡 半太郎,1865,1950,"Nagaoka, Hantaro"
1154,岸田 国士,1890,1954,"Kishida, Kunio"
1155,チェーホフ アントン,1860,1904,"Chekhov, Anton"
1156,ルナール ジュール,1864,1910,"Renard, Jules"
1157,神西 清,1903,1957,"Jinzai, Kiyoshi"
1158,ビョルンソン ビョルンステェルネ,1832,1910,"Bjornson, Bjornstjerne"
1159,佐野 昌一　→海野十三,1897,1949,"Sano, Shoichi"
1160,池田 菊苗,1864,1936,"Ikeda, Kikunae"
1161,鳥谷部 春汀,1865,1908,"Toyabe, Shuntei"
1162,秋田 滋,1908,1943,"Akita, Shigeru"
1163,仁科 芳雄,1890,1951,"Nishina, Yoshio"
1164,リカード デイヴィッド,1772,1823,"Ricardo, David"
1165,斎藤 隆夫,1870,1949,"Saito, Takao"
1166,中井 正一,1900,1952,"Nakai, Masakazu"
1167,日野 強,1866,1920,"Hino, Tsutomu"
1168,高村 光太郎,1883,1956,"Takamura, Kotaro"
1169,赤川 武助,1906,1954,"Akagawa, Busuke"
1170,石川 三四郎,1876,1956,"Ishikawa, Sanshiro"
1171,日本童話研究会,N/A,N/A,"Nihon Dowa Kenkyukai,"
1172,村山 籌子,1903,1946,"Murayama, Kazuko"
1173,貴司 悦子,1903,1941,"Kishi, Etsuko"
1174,下畑 卓,1916,1944,"Shimohata, Taku"
1175,槙本 楠郎,1898,1956,"Makimoto, Kusuro"
1176,シェリー メアリー・ウォルストンクラフト,1797,1851,"Shelley, Mary Wollstonecraft"
1177,吉田 絃二郎,1886,1956,"Yoshida, Genjiro"
1178,テーラー ジェーン,1783,1824,"Taylor, Jane"
1179,土田 耕平,1895,1940,"Tsuchida, Kohei"
1180,沖野 岩三郎,1876,1956,"Okino, Iwasaburo"
1181,ドーデ アルフォンス,1840,1897,"Daudet, Alphonse"
1182,トゥーリエ アンドレ,1833,1907,"Theuriet, Andre"
1183,コッローディ カルロ,1826,1890,"Collodi, Carlo"
1184,手塚 寿郎,1887,1943,"Tezuka, Sumio"
1185,ワルラス マリー・エスプリ・レオン,1834,1910,"Walras, Marie Esprit Leon"
1186,宍戸 儀一,1907,1954,"Shishido, Giichi"
1187,マンスフィールド キャサリン,1888,1923,"Mansfield, Katherine"
1188,野中 至,1867,1955,"Nonaka, Itaru"
1189,ジェファーソン トマス,1743,1826,"Jefferson, Thomas"
1190,アルテンベルク ペーター,1859,1919,"ALTENBERG, PETER"
1191,高木 敏雄,1876,1922,"Takagi, Toshio"
1192,ホーフマンスタール フーゴー・フォン,1874,1929,"Hofmannsthal, Hugo von"
1193,オイレンベルク ヘルベルト,1876,1949,"Eulenberg, Herbert"
1194,シュミットボン ウィルヘルム,1876,1952,"Schmidtbonn, Wilhelm"
1195,ダビット ヤーコプ・ユリウス,1859,1906,"David, Jakob Julius"
1196,ランド ハンス,1861,N/A,"Land, Hans"
1197,伊東 静雄,1906,1953,"Ito, Shizuo"
1198,土井 八枝,1879,1948,"Doi, Yae"
1199,ソログープ フョードル,1863,1927,"Sologub, Fedor"
1201,小舟 勝二,N/A,1931,"Kobune, Katsuji"
1202,オン ワタナベ,1902,1930,"On, Watanabe"
1203,ワタナベ オン　→渡辺温,1902,1930,"Watanabe, On"
1204,森本 六爾,1903,1936,"Morimoto, Rokuji"
1205,下村 千秋,1893,1955,"Shimomura, Chiaki"
1206,石河 幹明,1859,1943,"Ishikawa, Mikiaki"
1207,木村 芥舟,1830,1901,"Kimura, Kaishu"
1208,山下 利三郎,1892,1952,"Yamashita, Risaburo"
1209,ソロー ヘンリー・デイビッド,1817,1862,"Thoreau, Henry David"
1210,違星 北斗,1902,1929,"Iboshi, Hokuto"
1211,清沢 満之,1863,1903,"Kiyozawa, Manshi"
1212,中江 兆民,1847,1901,"Nakae, Chomin"
1213,瀬沼 夏葉,1875,1915,"Senuma, Kayo"
1214,鳥居 竜蔵,1870,1953,"Torii, Ryuzo"
1215,屋代 弘賢,1758,1841,"Yashiro, Hirokata"
1216,井原 西鶴,1642,1693,"Ihara, Saikaku"
1217,ヴァレリー ポール,1871,1945,"Valery, Paul"
1218,ヴィトラック ロジェ,1899,1952,"Vitrac, Roger"
1219,ツァラ トリスタン,1896,1963,"Tzara, Tristan"
1220,シェイケビッチ マリイ,N/A,N/A,N/A
1221,荻原 雲来,1869,1937,"Ogiwara, Unrai"
1222,高楠 順次郎,1866,1945,"Takakusu, Junjiro"
1224,久生 十蘭,1902,1957,"Hisao, Juran"
1225,村山 俊太郎,1905,1948,"Murayama, Toshitaro"
1226,田村 松魚,1877,1948,"Tamura, Shogyo"
1227,佐野 友三郎,1864,1920,"Sano, Tomosaburo"
1228,辻村 もと子,1906,1946,"Tsujimura, Motoko"
1229,クロポトキン ピョートル・アレクセーヴィチ,1842,1921,"Kropotkin, Pyotr Alkseevich"
1230,肥田 春充,1883,1956,"Hida, Harumichi"
1231,松本 文三郎,1869,1944,"Matsumoto, Bunzaburo"
1232,伊東 忠太,1867,1954,"Ito, Chyuta"
1233,福永 渙,1886,1936,"Fukunaga, Kiyoshi"
1234,愛知 敬一,1880,1923,"Aichi, Keiichi"
1235,カフカ フランツ,1883,1924,"Kafka, Franz"
1236,チャペック カレル,1890,1938,"Capek, Karel"
1237,ニューヨーク・サン紙,N/A,N/A,"The New York Sun,"
1238,ボーム ライマン・フランク,1856,1919,"Baum, Lyman Frank"
1239,ラング アンドルー,1844,1912,"Lang, Andrew"
1240,加藤 道夫,1918,1953,"Kato, Michio"
1241,ゴルドン エリザベス、アンナ,1851,1925,"Gordon, Elizabeth Anna"
1242,坪井 正五郎,1863,1913,"Tsuboi, Shogoro"
1243,木村 小舟,1881,1955,"Kimura, Shoshu"
1244,権藤 成卿,1868,1937,"Gondo, Seikyo"
1245,会津 八一,1881,1956,"Aizu, Yaichi"
1246,恩地 孝四郎,1891,1955,"Onchi, Koshiro"
1247,小金井 喜美子,1871,1956,"Koganei, Kimiko"
1248,佐藤 垢石,1888,1956,"Sato, Koseki"
1249,柴 五郎,1859,1945,"Shiba, Goro"
1250,ケイ エレン,1849,1926,"Key, Ellen"
1251,ゴールドマン エマ,1869,1940,"Goldman, Emma"
1252,石井 研堂,1865,1943,"Ishii, Kendo"
1253,渡部 温,1837,1898,"Watanabe, On"
1254,スコット ウォルター,1771,1832,"Scott, Walter"
1255,小金井 良精,1858,1944,"Koganei, Yoshikiyo"
1256,小林 一三,1873,1957,"Kobayashi, Ichizo"
1257,アーヴィング ワシントン,1783,1859,"Irving, Washington"
1258,吉田 甲子太郎,1894,1957,"Yoshida, Kinetaro"
1260,荘司 泰,N/A,N/A,"Shoji, Tai"
1261,邦枝 完二,1892,1956,"Kunieda, Kanji"
1262,土原 耕作,1889,1936,"Tsuchihara, Kosaku"
1263,服部 之総,1901,1956,"Hattori, Shiso"
1264,榎本 武揚,1836,1908,"Enomoto, Takeaki"
1265,サン＝テグジュペリ アントワーヌ・ド,1900,1944,"Saint-Exupery, Antoine de"
1266,牧野 富太郎,1862,1957,"Makino, Tomitaro"
1267,佐藤 栄太,1902,1954,"Sato, Eita"
1268,小村 雪岱,1887,1940,"Komura, Settai"
1269,工藤 梅次郎,1887,1941,"Kudo, Umejiro"
1270,佐々木 長左衛門,1879,1953,"Sasaki, Chozaemon"
1271,上田 秋成,1734,1809,"Ueda, Akinari"
1272,溝口 健二,1898,1956,"Mizoguchi, Kenji"
1273,津田 穣,1910,1955,"Tsuda, Yutaka"
1274,ビガーズ アール・デア,1884,1933,"Biggers, Earl Derr"
1275,林 清俊,N/A,N/A,"Hayashi, Kiyotoshi"
1276,安田 二郎,1908,1945,"Yasuda, Jiro"
1277,ガンジー マハトマ,1869,1948,"Gandhi, Mahatma"
1278,石光 真人,1904,1975,"Ishimitsu, Masato"
1279,ミドルトン リチャード・バラム,1882,1911,"Middleton, Richard Barham"
1280,hiro,N/A,N/A,"hiro,"
1281,竹友 藻風,1891,1954,"Taketomo, Sofu"
1282,ラインハート メアリ・ロバーツ,1876,1958,"Rinehart, Mary Roberts"
1283,呉 承恩,N/A,N/A,"Go, Shoon"
1284,笹川 種郎,1870,1949,"Sasagawa, Tanero"
1285,慶應義塾,N/A,N/A,"Keiogijuku,"
1286,桂 小南,1880,1947,"Katsura, Konan"
1287,高畠 素之,1886,1928,"Takabatake, Motoyuki"
1288,宮城 道雄,1894,1956,"Miyagi, Michio"
1289,犬田 卯,1891,1957,"Inuta, Shigeru"
1290,癋見 鈍太郎　→夢野久作,1889,1936,"Kakumi, Dontaro"
1291,武笠 三,1871,1929,"Mukasa, San"
1292,平山 千代子,1925,1944,"Hirayama, Chiyoko"
1293,小野 佐世男,1905,1954,"Ono, Saseo"
1294,兼常 清佐,1885,1957,"Kanetsune, Kiyosuke"
1295,レスコーフ ニコライ・セミョーノヴィチ,1831,1895,"Leskov, Nikolai Semyonovich"
1296,ランボー ジャン・ニコラ・アルチュール,1854,1891,"Rimbaud, Jean Nicolas Arthur"
1297,前田河 広一郎,1888,1957,"Maedako, Hiroichiro"
1298,加藤 咄堂,1870,1949,"Kato, Totsudo"
1299,ハイド ダグラス,1860,1949,"Hyde, Douglas"
1300,ケネディ パトリック,1801,1873,"Kennedy, Patrick"
1301,島地 大等,1875,1927,"Shimaji, Daito"
1302,モーリー クリストファー,1890,1957,"Morley, Christopher"
1303,ラマルク ジャン＝バティスト,1744,1829,"Lamarck, Jean-Baptiste"
1304,ダーウィン チャールズ　ロバート,1809,1882,"Darwin, Charles Robert"
1305,羽志 主水,1884,1957,"hashi, mondo"
1306,川田 功,1882,1931,"Kawada, Isao"
1307,久保 栄,1900,1958,"Kubo, Sakae"
1308,徳永 直,1899,1958,"Tokunaga, Sunao"
1309,橘 曙覧,1812,1868,"Tachibanano, Akemi"
1310,高浜 虚子,1874,1959,"Takahama, Kyoshi"
1311,三好 十郎,1902,1958,"Miyoshi, Juro"
1312,木村 荘八,1893,1958,"Kimura, Shohachi"
1313,正岡 容,1904,1958,"Masaoka, Iruru"
1314,青柳 喜兵衛,1904,1938,"Aoyagi, Kihei"
1315,井上 良夫,1908,1945,"Inoue, Yoshio"
1316,大庭 武年,1904,1945,"Oba, Taketoshi"
1317,加藤 弘之,1836,1916,"Kato, Hiroyuki"
1318,元良 勇次郎,1858,1912,"Motora, Yujiro"
1319,吉田 静致,1872,1945,"Yoshida, Seichi"
1320,西郷 隆盛,1828,1877,"Saigo, Takamori"
1321,江南 文三,1887,1946,"Enami, Bunzo"
1322,津田 真道,1829,1903,"Tsuda, Mamichi"
1323,西 周,1829,1897,"Nishi, Amane"
1324,羽田 亨,1882,1955,"Haneda, Toru"
1325,上村 経吉,1868,1922,"Uemura, Tsunekichi"
1326,小笠原 長生,1867,1958,"Ogasawara, Nganari"
1327,肝付 兼行,1853,1922,"Kimotsuki, Kaneyuki"
1328,吉井 幸蔵,1856,1927,"Yoshii, Kozo"
1329,ウォルトン みちよ,N/A,N/A,"Walton, Michiyo"
1330,片岡 良一,1897,1957,"Kataoka, Ryoichi"
1331,秋月 種樹,1833,1904,"Akizuki, Tanetatsu"
1332,佐藤 一斎,1772,1859,"Sato, Issai"
1333,山県 有朋,1838,1922,"Yamagata, Aritomo"
1334,山田 済斎,1867,1952,"Yamada, Seisai"
1335,岡本 癖三酔,1878,1942,"Okamoto, Hekisansui"
1336,伊庭 心猿,1908,1957,"Iba, Shinen"
1337,阪井 久良伎,1869,1945,"sakai, Kuraki"
1338,羽仁 もと子,1873,1957,"Hani, Motoko"
1339,岡本 帰一,1888,1930,"Okamoto, Kiichi"
1340,ブラウニング ロバート,1812,1889,"Browning, Robert"
1341,永井 荷風,1879,1959,"Nagai, Kafu"
1342,茂田井 武,1908,1956,"Motai, Takeshi"
1343,細木原 青起,1885,1958,"Hosokibara, Seiki"
1344,喜田 貞吉,1871,1939,"Kita, Sadakichi"
1345,川合 貞一,1870,1955,"Kawai, Teiichi"
1346,片山 広子,1878,1957,"Katayama, Hiroko"
1347,岡倉 覚三　→岡倉天心,1863,1913,"Okakura, Kakuzo"
1348,デイヴィス ノーバート,1909,1949,"Davis, Norbert"
1349,武田 祐吉,1886,1958,"Takeda, Yukichi"
1350,鈴木 鼓村,1875,1931,"Suzuki, Koson"
1351,池田 蕉園,1886,1917,"Ikeda, Shoen"
1352,池田 輝方,1833,1921,"Ikeda, Terukata"
1353,岩村 透,1870,1917,"Iwamura, Toru"
1354,岡崎 雪声,1854,1921,"Okazaki, Sessei"
1355,岡田 三郎助,1869,1939,"Okada, Saburosuke"
1356,尾上 梅幸,1870,1934,"Onoe, Baiko"
1357,北村 四海,1871,1927,"Kitamura, Shikai"
1358,関根 黙庵,1863,1923,"Sekine, Mokuan"
1359,沼田 一雅,1873,1954,"Numata, Ichiga"
1360,平井 金三,1859,1916,"Hirai, Kinza"
1361,本田 親二,1885,1948,"Honda, Shinji"
1362,豊田 喜一郎,1894,1952,"Toyoda, Kiichiro"
1363,橘 純一,1884,1954,"Tachibana, Jun'ichi"
1364,ニューコム シモン,1835,1909,"Newcomb, Simon"
1365,三好 学,1861,1939,"Miyoshi, Manabu"
1366,羽仁 吉一,1880,1955,"Hani, Yoshikazu"
1367,嶋中 雄作,1887,1949,"Shimanaka, Yusaku"
1368,山本 実彦,1885,1952,"Yamamoto, Sanehiko"
1369,徳富 蘇峰,1863,1957,"Tokutomi, Soho"
1370,豊田 三郎,1907,1959,"Toyoda, Saburo"
1371,高頭 仁兵衛,1877,1958,"Takato, Jinbe"
1372,柴崎 芳太郎,1876,1938,"Shibazaki, Yoshitaro"
1373,木暮 理太郎,1873,1944,"Kogure, Ritaro"
1374,大下 藤次郎,1870,1911,"Oshita, Tojiro"
1375,鵜殿 正雄,1877,1945,"Udono, Masao"
1376,百瀬 慎太郎,1892,1949,"Momose, Shintaro"
1377,細井 吉造,1904,1936,"Hosoi, Yoshizo"
1378,平野 長蔵,1870,1930,"Hirano, Chozo"
1379,小川 登喜男,1908,1949,"Ogawa, Tokio"
1380,石川 欣一,1895,1959,"Ishikawa, Kinichi"
1381,石井 柏亭,1882,1958,"Ishii, Hakutei"
1382,大泉 黒石,1893,1957,"Oizumi, Kokuseki"
1383,谷崎 潤一郎,1886,1965,"Tanizaki, Jun'ichiro"
1384,徳川 義恭,1921,1949,"Tokugawa, Yoshiyasu"
1385,小林 古径,1883,1957,"Kobayashi, Kokei"
1386,松崎 鶴雄,1867,1949,"Matsuzaki, Tsuruo"
1387,水内 鬼灯,1907,1949,"Mizuuchi, Kicho"
1388,新島 襄,1843,1890,"Niijima, Jo"
1389,シュウォッブ マルセル,1867,1905,"Schwob, Marcel"
1390,金剛 巌,1886,1951,"Kongo, Iwao"
1391,山下 博章,1898,1943,"Yamashita, Hiroaki"
1392,長谷 健,1904,1957,"Hase, Ken"
1393,キャロル ルイス,1832,1898,"Carroll, Lewis"
1394,丸山 英観,1885,1956,"Maruyama, Eikan"
1395,和辻 哲郎,1889,1960,"Watsuji, Tetsuro"
1396,原田 義人,1918,1960,"Harada, Yoshito"
1397,橘 外男,1894,1959,"Tachibana, Sotoo"
1398,高木 貞治,1875,1960,"Takagi, Teiji"
1399,マクラウド フィオナ,1855,1905,"Macleod, Fiona"
1400,松村 みね子　→片山広子,1878,1957,"Matsumura, Mineko"
1401,シラー ヨーハン・クリストフ・フリードリヒ・フォン,1759,1805,"Schiller, Johann Christoph Friedrich von"
1402,関口 存男,1894,1958,"Sekiguchi, Tsugio"
1403,北大路 魯山人,1883,1959,"Kitaoji, Rosanjin"
1404,河口 慧海,1866,1945,"Kwaguchi, Ekai"
1405,藤原 相之助,1867,1947,"Fujiwara, Ainosuke"
1406,清 少納言,N/A,N/A,"Sei, Shonagon"
1407,ストレイチー リットン,1880,1932,"Strachey, Lytton"
1408,松浦 武四郎,1818,1888,"Matsuura, Takeshiro"
1409,菅野 徳助,N/A,1915,"Sugano, Tokusuke"
1410,奈倉 次郎,1871,1947,"Nakura, Jiro"
1411,ロティ ピエール,1850,1923,"Loti, Pierre"
1412,林田 清明,N/A,N/A,"Hayashida, Seimei"
1413,池田 亀鑑,1896,1956,"Ikeda, Kikan"
1414,内山 愚童,1874,1911,"Uchiyama, Gudo"
1415,吉植 庄亮,1884,1958,"Yoshiue, Shoryo"
1416,田山 録弥　→田山花袋,1872,1930,"Tayama, Rokuya"
1417,中江 篤介　→中江兆民,1847,1901,"Nakae, Tokusuke"
1418,市川 中車,1860,1936,"Ichikawa, Chusha"
1419,ライス エルマー,1892,1967,"Rice, Elmer"
1420,中山 太郎,1876,1947,"Nakayama, Taro"
1421,阿部 次郎,1883,1959,"Abe, Jiro"
1422,戸田 豊子,1904,1956,"Toda, Toyoko"
1423,麻生 義,1901,1938,"Aso, Gi"
1424,八太 舟三,1886,1934,"Hatta, Shuzo"
1425,小寺 菊子,1883,1956,"Kodera, Kikuko"
1426,森 繁夫,1882,1950,"Mori, Shigeo"
1427,田部 隆次,1875,1957,"Tanabe, Ryuji"
1428,アインシュタイン アルベルト,1879,1955,"Einstein, Albert"
1429,石原 純,1881,1947,"Ishiwara, Atsushi"
1430,ウェルズ ハーバート・ジョージ,1866,1946,"Wells, Herbert George"
1431,トウェイン マーク,1835,1910,"Twain, Mark"
1432,柏熊 達生,1907,1956,"Kashiwaguma, Tatsuo"
1433,安藤 正次,1878,1952,"Ando, Masatsugu"
1434,松本 幸四郎,1870,1949,"Matsumoto, Koshiro"
1435,黒部 溯郎　→百瀬慎太郎,1892,1949,"Kurobe, Soro"
1436,中山 啓　→中山忠直,1895,1957,"Nakayama, Kei"
1437,ジョーンズ レイモンド・Ｆ,1915,1994,"Jones, Raymond F."
1438,大島 庸夫,1902,1953,"Oshima, Tsuneo"
1439,マラテスタ エンリコ,1853,1932,"Malatesta, Errico"
1440,自由聯合新聞,N/A,N/A,"Jiyurengoshinbun,"
1441,杉田 玄白,1733,1817,"Sugita, Genpaku"
1442,大田 南畝,1749,1823,"Ota, Nanpo"
1443,小池 英三,1902,1948,"Koike, Eizo"
1445,池内 宏,1878,1952,"Ikeuchi, Hiroshi"
1446,宮地 嘉六,1884,1958,"Miyachi, Karoku"
1447,松崎 天民,1878,1934,"Matsuzaki, Tenmin"
1448,吉本 襄,N/A,1910,"Yoshimoto, Noboru"
1449,フィルポッツ イーデン,1862,1960,"Phillpotts, Eden"
1450,本山 荻舟,1881,1958,"Motoyama, Tekishu"
1451,「正義と道徳」編集委員,N/A,N/A,N/A
1452,赤羽 巌穴,1875,1912,"Akabane, Genketsu"
1453,ニーチェ フリードリヒ・ヴィルヘルム,1844,1900,"Nietzsche, Friedrich Wilhelm"
1454,伊藤 永之介,1903,1959,"Ito, Einosuke"
1455,登張 竹風,1873,1955,"Tobari, Chikufu"
1456,与謝 蕪村,1716,1784,"Yosa, Buson"
1457,潁原 退蔵,1894,1948,"Ebara, Taizo"
1458,ワーズワース ウィリアム,1770,1850,"Wordsworth, William"
1459,山本 鼎,1882,1946,"Yamamoto, Kanae"
1460,尾佐竹 猛,1880,1946,"Osatake, Takeki"
1461,三谷 隆正,1889,1944,"Mitani, Takamasa"
1462,南条 文雄,1849,1927,"Nanjo, Bunyu"
1463,松谷 正太郎,1871,1944,"Matsutani, Shotaro"
1464,クラーク ヘンリ・サヴィル,1841,1893,"Clarke, Henry Savile"
1465,東 健而,1889,1933,"Azuma, Kenji"
1466,神田 孝平,1830,1898,"Kanda, Takahira"
1467,柏原 孝章,1835,1910,"Kashiwabara, Takaaki"
1468,賀川 豊彦,1888,1960,"Kagawa, Toyohiko"
1469,河野 常吉,1863,1930,"Kono, Tsunekichi"
1470,クイーン エラリー,1905,1982,"Ellery, Queen"
1471,今野 大力,1904,1935,"Konno, Dairiki"
1472,松井 須磨子,1886,1919,"Matsui, Sumako"
1473,プルードン ピエール・ジョゼフ,1809,1865,"Proudhon, Pierre Joseph"
1474,丘 浅次郎,1868,1944,"Oka, Asajiro"
1475,小川 未明,1882,1961,"Ogawa, Mimei"
1476,大鹿 卓,1898,1959,"Oshika, Taku"
1477,陳 寿,N/A,N/A,"Chen, Shou"
1478,石川 千代松,1860,1935,"Ishikawa, Chiyomatsu"
1479,風巻 景次郎,1902,1960,"Kazamaki, Keijiro"
1480,矢田 挿雲,1882,1961,"Yada, Soun"
1481,三木 貞一,1861,1933,"Miki, Teiichi"
1482,中山 忠直,1895,1957,"Nakayama, Tadanao"
1483,伊藤 欽亮,1857,1928,"Ito, Kinsuke"
1484,魏 徴,N/A,N/A,"Wei, Zheng"
1485,沈 約,N/A,N/A,"Shen, Yue"
1486,佐藤 緑葉,1886,1960,"Sto, Ryokuyo"
1487,浅沼 稲次郎,1898,1960,"Asanuma, Inejiro"
1488,火野 葦平,1907,1960,"Hino, Ashihei"
1489,高田 義一郎,1886,1945,"Takada, Giichiro"
1490,額田 六福,1890,1948,"Nukada, Roppuku"
1491,流泉 小史,1887,1940,"Ryusen, Shoshi"
1492,シゲリスト ヘンリー・Ｅ,1891,1957,"Sigerist, Henry E."
1493,ジンサー ハンス,1878,1940,"Zinsser, Hans"
1494,水上 茂樹,N/A,N/A,"Minakami, Shigeki"
1495,鶯亭 金升,1868,1954,"Otei, Kinsho"
1496,栗本 鋤雲,1822,1897,"Krimoto, Joun"
1497,吉井 勇,1886,1960,"Yoshii, Isamu"
1499,外村 繁,1902,1961,"Tonomura, Shigeru"
1500,総生 寛,1841,1894,"Fuso, Kan"
1501,若林 玵蔵,1857,1938,"Wakabayashi, Kanzo"
1502,宝井 其角,1661,1707,"Takarai, Kikaku"
1503,岡田 三郎,1890,1954,"Okada, Saburo"
1504,勝峯 晋風,1887,1954,"Katsumine, Shinpu"
1505,ポター ビアトリクス,1866,1943,"Potter, Beatrix"
1506,片岡 義男,1939,N/A,"Kataoka, Yoshio"
1507,大川 周明,1886,1957,"Okawa, Shumei"
1508,清水 卯三郎,1829,1910,"Shimizu, Usaburo"
1509,津田 仙,1837,1908,"Tsuda, Sen"
1510,箕作 秋坪,1826,1886,"Mitsukuri, Shuhei"
1511,フィリモア ロバート,1810,1885,"Phillimore, Robert"
1512,柴田 昌吉,1842,1901,"Shibata, Masayoshi"
1513,山本 笑月,1873,1936,"Yamamoto, Shogetsu"
1514,ベラミー エドワード,1850,1898,"Bellamy, Edward"
1515,山本 政喜,1899,1960,"Yamamoto, Masaki"
1516,草野 天平,1910,1952,"Kusano, Tenpei"
1517,山本 一清,1889,1959,"Yamamoto, Issei"
1518,太 安万侶,N/A,N/A,"oono, yasumaro"
1519,稗田 阿礼,N/A,N/A,"hieda, are"
1520,柳 宗悦,1889,1961,"Yanagi, Muneyoshi"
1521,長与 善郎,1888,1961,"Nagayo, Yoshiro"
1522,シュピリ ヨハンナ,1827,1901,"Spyri, Johanna"
1523,日本聖書協会,N/A,N/A,N/A
1524,司馬 遷,N/A,N/A,"Shiba, Sen"
1525,箭内 亙,1875,1926,"Yanai, Watari"
1526,島袋 源一郎,1885,1942,"Shimabukuro, Gen'ichiro"
1527,栗島 山之助　→栗島狭衣,1876,1945,"Kurishima, Sannosuke"
1528,日本国,N/A,N/A,"Nihonkoku,"
1529,作者不詳,N/A,N/A,"Sakushafusho,"
1530,コクトー ジャン,1889,1963,"Cocteau, Jean"
1531,志賀 矧川　→志賀重昂,1863,1927,"Shiga, Shinsen"
1532,川田 瑞穂,1879,1951,"Kawada, Mizuho"
1533,宇野 浩二,1891,1961,"Uno, Koji"
1534,岩本 素白,1883,1961,"Iwamoto, Sohaku"
1535,津田 左右吉,1873,1961,"Tsuda, Sokichi"
1536,桂 三木助,1902,1961,"Katsura, Mikisuke"
1537,喜多村 緑郎,1871,1961,"Kitamura, Rokuro"
1538,矢内原 忠雄,1893,1961,"Yanaihara, Tadao"
1539,片山 敏彦,1898,1961,"Katayama, Toshihiko"
1540,知里 真志保,1909,1961,"Chiri, Mashiho"
1541,高山 毅,1911,1961,"Takayama, Tsuyoshi"
1542,青野 季吉,1890,1961,"Aono, Suekichi"
1543,犬養 健,1896,1960,"Inukai, Takeru"
1544,谷 干城,1837,1911,"Tani, Tateki"
1545,ジッド アンドレ,1869,1951,"Gide, Andre"
1546,三吉 慎蔵,1831,1901,"Miyoshi, Shinzo"
1547,寺石 正路,1868,1949,"Teraishi, Masamichi"
1548,シェーンハイマー ルドルフ,1898,1941,"Schoenheimer, Rudolf"
1549,ブロンテ エミリー,1818,1848,"Bronte, Emily"
1551,条野 採菊,1832,1902,"Jyono, Saigiku"
1552,セルバンテス・サアベドラ ミゲル・デ,1547,1616,"Cervantes Saavedra, Miguel de"
1553,和辻 春樹,1891,1952,"Watsuji, Haruki"
1554,喜多村 直寛,1804,1876,"Kitamura, Nohira"
1555,本多 静六,1866,1952,"Honda, Seiroku"
1556,松村 任三,1856,1928,"Matsumura, Jinzo"
1557,丹波 敬三,1854,1927,"Tanba, Keizo"
1558,古川 緑波,1903,1961,"Furukawa, Roppa"
1559,村越 三千男,1880,1948,"Murakoshi, Michio"
1560,ハムスン クヌート,1859,1952,"Hamsun, Knut"
1561,ギャロッド アーチボルド,1857,1936,"Garrod, Archibald"
1562,吉川 英治,1892,1962,"Yoshikawa, Eiji"
1563,グルモン レミ・ドゥ,1858,1915,"Gourmont, Remy de"
1564,ミルトン ジョン,1608,1674,"Milton, Jonh"
1565,渋沢 栄一,1840,1931,"Shibusawa, Eiichi"
1566,柳田 国男,1875,1962,"Yanagita, Kunio"
1567,橘 樸,1881,1945,"Tachibana, Shiraki"
1568,妹尾 アキ夫,1892,1962,"Senoo, Akio"
1569,中谷 宇吉郎,1900,1962,"Nakaya, Ukichiro"
1570,小倉 金之助,1885,1962,"ogura, kinnosuke"
1571,昇 曙夢,1878,1958,"Nobori, Shomu"
1572,福島 安正,1852,1919,"Fukushima, Yasumasa"
1573,筑摩書房編集部,N/A,N/A,"Chikumashobohenshubu,"
1574,オスラー ウイリアム,1849,1919,"Osler, William"
1575,濹上漁史 　→成島柳北,1837,1884,"Bokujogyoshi,"
1576,塚本 哲三,1881,1953,"Tsukamoto, Tetsuzo"
1577,服部 宇之吉,1867,1939,"Hattori, Unokichi"
1578,今村 明恒,1870,1948,"Imamura, Akitsune"
1579,室生 犀星,1889,1962,"Murou, Saisei"
1580,尾高 朝雄,1899,1956,"Odaka, Tomoo"
1581,正宗 白鳥,1879,1962,"Masamune, Hakucho"
1582,宇田川 文海,1848,1930,"Udagawa, Bunkai"
1583,藤沢 清造,1889,1932,"Fujisawa, Seizo"
1584,秋田 雨雀,1883,1962,"Akita, Ujyaku"
1585,槙村 浩,1912,1938,"Makimura, Ko"
1586,河田 小竜,1824,1898,"Kawada, Shoryo"
1587,楢崎 竜,1841,1906,"Narasaki, Ryou"
1588,川田 雪山　→川田瑞穂,1879,1951,"Kawada, Setsuzan"
1589,落合 ユキ子　→村山籌子,1903,1946,"Ochiai, Yukiko"
1590,マキャヴェッリ ニッコロ,1469,1527,"Machiavelli, Niccolo"
1591,ジェンナー エドワード,1749,1823,"Jenner, Edward"
1592,中村 清二,1869,1960,"Nakamura, Seiji"
1593,ソーリー チャールズ・ハミルトン,1895,1915,"Sorley, Charles Hamilton"
1594,島内 登志衛,N/A,1922,"Shimauchi, Toshie"
1595,井上 準之助,1869,1932,"Inoue, Junnosuke"
1596,大岩 誠,1900,1957,"Oiwa, Makoto"
1597,李 箱,1910,1937,"I, Sang"
1598,竹内 時男,N/A,N/A,"Takeuchi, Tokio"
1599,田辺 元,1885,1962,"Tanabe, Hajime"
1600,スノウ ジョン,1813,1858,"Snow, John"
1601,李 光洙,1892,1950,"Lee, Kwang-su"
1602,金 鍾漢,1914,1944,"Kim, Chong-han"
1603,早川 孝太郎,1889,1956,"Hayakawa, Koutarou"
1604,桜間 中庸,1911,1934,"Sakurama, Chuyo"
1605,鄭 芝溶,1902,1950,N/A
1606,世礼 国男,1897,1950,"Serei, Kunio"
1607,末吉 安持,1887,1907,"Sueyoshi, Anji"
1608,橋田 邦彦,1882,1945,"Hashida, Kunihiko"
1609,井上 通女,1660,1738,"Inoue, Tsujo"
1610,田辺 孝次,1890,1945,"Tanabe, Takatsugu"
1611,徳永 保之助,1889,1925,"Tokunaga, Yasunosuke"
1612,江森 盛弥,1903,1960,"Emori, Moriya"
1613,後藤 謙太郎,1895,1925,"Goto, Kentaro"
1614,佐藤 武夫,1906,1929,"Sato, Takeo"
1615,下川 儀太郎,1904,1961,"Shimokawa, Gitaro"
1616,中西 伊之助,1887,1958,"Nakanishi, Inosuke"
1617,西村 陽吉,1892,1959,"Nishimura, Yokichi"
1618,根岸 正吉,1892,1922,"Negishi, Shokichi"
1619,野村 吉哉,1901,1940,"Nomura, Yoshiya"
1620,波立 一,1908,1937,"Haryu, Hajime"
1621,福田 正夫,1893,1952,"Fukuda, Masao"
1622,松本 淳三,1895,1950,"Matsumoto, Junzo"
1623,百田 宗治,1893,1955,"Momota, Soji"
1624,陀田 勘助,1902,1931,"Dada, Kansuke"
1625,新井 徹,1899,1944,"Arai, Toru"
1626,猪狩 満直,1898,1938,"Ikari, Mitsunao"
1627,今村 恒夫,1908,1936,"Imamura, Tsuneo"
1628,上田 進,1907,1947,"Ueda, Susumu"
1629,植村 諦,1903,1959,"Uemera, Tai"
1630,榎南 謙一,1913,1945,"Enami, Kenichi"
1631,大石 喜幸,1910,1941,"Oishi, Yoshiyuki"
1632,大江 鉄麿,1915,1944,"Oe, Tetsumaro"
1633,国見 善弘,1916,1937,"Kunimi, Yoshihiro"
1634,田村 乙彦,1911,1945,"Tamura, Otohiko"
1635,丹沢 明,1904,1944,"Tanzawa, Akira"
1636,中島 葉那子,1909,1939,"Nakajima, Hanako"
1637,中野 鈴子,1906,1958,"Nakano, Suzuko"
1638,平林 彪吾,1903,1939,"Hirabayashi, Shogo"
1639,広海 大治,1910,1960,"Hiroumi, Daiji"
1640,森 竹夫,1905,1946,"Mori, Takeo"
1641,藪田 忠夫,1912,1943,"Yabuta, Tadao"
1642,伊藤 信二,1907,1932,"Ito, Shinji"
1643,木村 好子,1904,1959,"Kimura, Yoshiko"
1644,倉橋 顕吉,1917,1947,"Kurahashi, Kenkichi"
1645,倉橋 潤一郎,1914,1945,"Kurahashi, Jun'ichiro"
1646,鈴木 泰治,1912,1938,"Suzuki, Taiji"
1647,後藤 守一,1888,1960,"Goto, Shuichi"
1648,土谷 麓,1914,1962,"Tsuchiya, Fumoto"
1649,船方 一,1912,1957,"Funakata, Hajime"
1650,許 泳,1908,1952,"Ho, Yon"
1651,古川 アヤ　→村山籌子,1903,1946,"Furukawa, Aya"
1652,森川 義信,1918,1942,"Morikawa, Yoshinobu"
1653,李 孝石,1907,1942,"Lee, Hyo-seok"
1654,濤音,1888,1953,"Toon,"
1655,長沢 佑,1910,1933,"Nagasawa, Tasuku"
1656,矢田部 達郎,1893,1958,"Yatabe, Tatsuro"
1657,アークム フレデリック,1769,1838,"Accum, Friedrich"
1658,渡久山 水鳴,1884,1911,"Tokuyama, Suimei"
1659,吉本 明光,1899,1960,"Yoshimoto, Akimitsu"
1660,中島 徳蔵,1864,1940,"Nakajima, Tokuzo"
1661,増田 惟茂,1883,1933,"Masuda, Koreshige"
1662,山口 芳光,N/A,1930,"Yamaguchi, Yoshimitsu"
1663,上里 春生,1897,1939,"Uezato, Haruo"
1664,桜田 佐,1901,1960,"Sakurada, Tasuku"
1665,泉 芳朗,1905,1959,"Izumi, Horo"
1666,漢那 浪笛,1887,1939,"Kanna, Roteki"
1667,仲村 渠,1905,1951,"Nakamura, Kare"
1668,西東 三鬼,1900,1962,"Saito, Sanki"
1669,大倉 燁子,1886,1960,"Okura, Teruko"
1670,野村 胡堂,1882,1963,"Nomura, Kodo"
1671,津田 黄昏　→津田左右吉,1873,1961,"Tsuda, Tasogare"
1672,小竹 主,1873,1961,"Kotake,"
1673,かんな ろうてき,N/A,N/A,N/A
1674,鶴 彬,1909,1938,"Tsuru, Akira"
1675,竹内 浩三,1921,1945,"Takeuchi, Kozo"
1676,正木 不如丘,1887,1962,"Masaki, Fujokyu"
1677,河野 広道,1905,1963,"Kouno, Hiromichi"
1678,田中 阿歌麿,1869,1944,"Tanaka, Akamaro"
1679,藤田 豊八,1869,1929,"Fujita, Toyohachi"
1680,今井 半次郎,1884,1938,"Imai, Hanjiro"
1681,伊藤 吉之助,1885,1961,"Ito, Kichinosuke"
1682,植田 清次,1902,1963,"Ueda, Seiji"
1683,三宅 茂,N/A,1941,"Miyake, Shigeru"
1684,古川 賢一郎,1903,1955,"Furukawa, Ken'ichiro"
1685,井上 貞治郎,1881,1963,"Inoue, Teijiro"
1686,グリーナウェイ ケイト,1846,1901,"Greenaway, Kate"
1687,ブリュノフ ジャン・ド,1899,1937,"Brunhoff, Jean de"
1688,リヴィングストン・ジュニア ヘンリー,1748,1828,"Livingston, Jr., Henry"
1689,大木 頭　→石川啄木,1886,1912,"Oki,"
1690,高橋 竜雄,1868,1946,"Takahashi, Tatsuo"
1691,佐佐木 信綱,1872,1963,"Sasaki, Nobutsuna"
1692,久保田 万太郎,1889,1963,"Kubota, Mantaro"
1693,山之口 貘,1903,1963,"Yamanokuchi, Baku"
1694,紀平 正美,1874,1949,"Kihira, Tadayoshi"
1695,飯田 蛇笏,1885,1962,"Iida, Dakotsu"
1696,下村 海南,1875,1957,"Shimomura, Kainan"
1697,高野 六郎,1884,1960,"Takano, Rokurou"
1698,光田 健輔,1876,1964,"Mitsuda, Kensuke"
1699,ラヴクラフト ハワード・フィリップス,1890,1937,"Lovecraft, Howard Phillips"
1700,坪田 宏,1908,1954,"Tsubota, Hiroshi"
1701,ジョーダン デイビッド・スター,1851,1931,"Jordan, David Starr"
1702,ベートーヴェン ルートヴィヒ・ヴァン,1770,1827,"Beethoven, Ludwig van"
1703,ヴェーゲラー フランツ・ゲルハルト,1765,1848,"Wegeler, Franz Gerhard"
1704,ブロイニング エレオノーレ・フォン,1771,1841,"Breuning, Eleonore von"
1705,ヴェルハーレン エミール,1855,1916,"Verhaeren, Emile"
1706,ネグリ アダ,1870,1945,"Negri, Ada"
1707,クローデル ポール,1868,1955,"Claudel, Paul"
1708,マラルメ ステファヌ,1842,1898,"Mallarme, Stephane"
1709,ベルトラン ルイ　→ベルトランアロイジウス,1807,1841,"Bertrand, Louis"
1710,プラーテン アウグスト,1796,1835,"Platen, August"
1713,サッフォ,N/A,N/A,"Sappho,"
1714,平野 零児,1897,1961,"Hirano, Reiji"
1715,富沢 赤黄男,1902,1962,"Tomizawa, Kakio"
1716,アラルコン ペドロ・アントニオ,1833,1891,"Alarcon, Pedro Antonio"
1717,ミュッセ アルフレッド,1810,1857,"Musset, Alfred"
1718,日野 草城,1901,1956,"Hino, Sojo"
1719,前田 普羅,1884,1954,"Maeda, Fura"
1720,松本 たかし,1906,1956,"Matsumoto, Takashi"
1721,ハッサル アーサー・ヒル,1917,1894,"Hassall, Arthur Hill"
1722,ダンセイニ ロード,1878,1957,"Dunsany, Lord"
1723,斎藤 三郎,1895,1960,"Saito, Saburo"
1724,山中 春雄,1919,1962,"Yamanaka, Hruo"
1725,ハバード エルバート,1856,1915,"Hubbard, Elbert"
1726,長谷川 伸,1884,1963,"Hasegawa, Shin"
1727,オルファース ジビュレ・フォン,1881,1916,"Olfers, Sibylle von"
1728,ベスコフ エルサ,1874,1953,"Beskow, Elsa"
1729,ボナール ピエール,1867,1947,"Bonnard, Pierre"
1730,長田 新,1887,1961,"Osada, Arata"
1731,神田 左京,1874,1939,"Kanda, Sakyo"
1732,ボードレール シャルル・ピエール,1821,1867,"Baudelaire, Charles Pierre"
1733,フリーマン リチャード・オースティン,1862,1943,"Freeman, Richard Austin"
1734,石波 杏,1982,N/A,"Ishinami, Kyo"
1735,ベルトラン アロイジウス,1807,1841,"Bertrand, Aloysius"
1736,庄野 健,1955,N/A,"Shono, Ken"
1737,上村 福幸,1893,1954,"Uemura, Yoshiyuki"
1738,ハクスリー トマス・ヘンリー,1825,1895,"Huxley, Thomas Henry"
1739,野口 英司,N/A,N/A,"Noguchi, Eiji"
1740,宮川 典子,N/A,N/A,"Miyakawa, Fumiko"
1741,吉田 松陰,1830,1859,"Yoshida, Shoin"
1742,石原 忍,1879,1963,"Ishihara, Shinobu"
1743,船越 衛,1840,1913,"Funakoshi, Mamoru"
1744,山川 健次郎,1854,1931,"Yamakawa, Kenjiro"
1745,大倉 喜八郎,1837,1928,"Okura, Kihachiro"
1746,尾崎 三良,1842,1918,"Ozaki, Saburo"
1747,本田 成之,1882,1945,"Honda, Shigeyuki"
1748,武者 金吉,1891,1962,"Musha, Kinkichi"
1749,三好 達治,1900,1964,"Miyoshi, Tatsuji"
1750,佐々木 邦,1883,1964,"Sasaki, Kuni"
1751,北尾 亀男,1892,1958,"Kitao, Kameo"
1752,橋本 多佳子,1898,1963,"Hashimoto, Takako"
1753,尾崎 士郎,1898,1964,"Ozaki, Shiro"
1754,ザングヴィル イスレール,1864,1926,"Zangwill, Israel"
1755,長谷川 修二,1903,1964,"Hasegawa, Shuji"
1756,コールデコット ランドルフ,1846,1886,"Caldecott, Randolph"
1757,大田 洋子,1906,1963,"Ota, Yoko"
1758,マン パウル・トーマス,1875,1955,"Mann, Paul Thomas"
1759,実吉 捷郎,1895,1962,"Saneyoshi, Hayao"
1760,吉満 義彦,1904,1945,"Yoshimitsu, Yoshihiko"
1761,小津 安二郎,1903,1963,"Ozu, Yasujiro"
1762,内山 完造,1885,1959,"Uchiyama, Kanzou"
1763,佐藤 春夫,1892,1964,"Sato, Haruo"
1764,モース エドワード・シルヴェスター,1838,1925,"Morse, Edward Sylvester"
1765,田辺 竜子　→三宅花圃,1869,1943,"Tanabe, Tatsuko"
1766,ピクソール マジョリエ　ローリー　クリスティー,1893,1921,"Pickthall, Marjorie Lowry Christie"
1767,サキ,1870,1916,"Saki,"
1768,メイスン アルフレッド・エドワード・ウッドリー,1865,1948,"Mason, Alfred Edward Woodley"
1769,ゲラン シャルル,1873,1907,"Guerin, Charles"
1770,ロンドン ジャック,1876,1916,"London, Jack"
1771,宮崎 滔天,1871,1922,"Miyazaki, Toten"
1772,岸上 質軒,1860,1907,"Kishigami, Shikken"
1773,女銭 外二　→橋本五郎,1903,1948,"Mezeni, Sotoji"
1774,高祖 保,1910,1945,"Koso, Tamotsu"
1775,仲木 貞一,1886,1954,"Nakagi, Teiichi"
1776,蜷川 新,1873,1959,"Ninagawa, Arata"
1777,山崎 富栄,1919,1948,"Yamazaki, Tomie"
1778,薄田 斬雲,1877,1956,"Susukida, Zan'un"
1779,江戸川 乱歩,1894,1965,"Edogawa, Ranpo"
1780,高群 逸枝,1894,1964,"Takamure, Itsue"
1781,金田 鬼一,1886,1963,"Kaneda, Kiichi"
1782,辰野 九紫,1892,1962,"Tatsuno, Kyushi"
1783,エリオット ジェイムズ・サンヅ,1880,1959,"Elliott, James Sands"
1784,ノイバーガー マクス,1868,1955,"Neuburger, Max"
1785,ヘッセ ヘルマン,1877,1962,"Hesse, Hermann"
1786,佐田 白茅,1833,1907,"Sata, Hakubo"
1787,石川 善助,1901,1932,"Ishikawa, Zensuke"
1788,十返 肇,1914,1963,"Togaeri, Hajime"
1789,日本経済新聞社,N/A,N/A,"Nihon Keizai Shinbunsha,"
1790,青空文庫,N/A,N/A,"Aozora Bunko,"
1791,安藤 盛,1893,1938,"Ando, Sakan"
1792,森田 愛子,1917,1947,"Morita, Aiko"
1793,川崎 浩良,1875,1963,"Kawasaki, Koryo"
1794,幣原 喜重郎,1872,1951,"Shidehara, Kijuro"
1795,松岡 国男　→柳田国男,1875,1962,"Matsuoka, Kunio"
1796,辰野 隆,1888,1964,"Tatsuno, Yutaka"
1797,河本 大作,1883,1955,"Komoto, Daisaku"
1798,梅崎 春生,1915,1965,"Umezaki, Haruo"
1799,中 勘助,1885,1965,"Naka, Kansuke"
1800,米川 正夫,1891,1965,"Yonekawa, Masao"
1801,山川 方夫,1930,1965,"Yamakawa, Masao"
1802,野村 あらえびす　→野村胡堂,1882,1963,"Nomura, Araebisu"
1803,小杉 放庵,1881,1964,"Kosugi, Hoan"
1804,三枝 博音,1892,1963,"Saigusa, Hiroto"
1805,三遊亭 金馬,1894,1964,"San'yutei, Kinba"
1806,斉藤 弘吉,1899,1964,"Saito, Hirokichi"
1807,筈見 恒夫,1908,1958,"Hazumi, Tsuneo"
1808,村松 梢風,1889,1961,"Muramatsu, Shoufuu"
1809,人見 絹枝,1907,1931,"Hitomi, Kinue"
1810,西下 経一,1898,1964,"Nishishita, Kyouichi"
1811,徳冨 愛子,1874,1947,"Tokutomi, Aiko"
1812,海藤 抱壺,1901,1940,"Kaido, Hoko"
1813,石塚 浩之,N/A,N/A,"Ishizuka, Hiroyuki"
1814,浜野 修,1897,1957,"Hamano, Osamu"
1815,小早川 秀雄,1870,1920,"Kobayakawa, Hideo"
1816,浅野 正恭,1868,1954,"Asano, Masayasu"
1817,ゴールズワージー ジョン,1867,1933,"Galsworthy, John"
1818,山田 松太郎,1898,1962,"Yamada, Matsutaro"
1819,ツヴァイク シュテファン,1881,1942,"Zweig, Stefan"
1820,岩井 尊人,1892,1940,"Iwai, Takahito"
1821,蔵原 伸二郎,1899,1965,"Kurahara, Shinjiro"
1822,中村 地平,1908,1963,"Nakamura, Chihei"
1823,高見 順,1907,1965,"Takami, Jun"
1824,大坪 砂男,1904,1965,"Otsubo, Sunao"
1825,阿部 真之助,1884,1964,"Abe, Shinnosuke"
1826,森下 雨村,1890,1965,"Morishita, Uson"
1831,山田 耕筰,1886,1965,"Yamada, Kosaku"
1832,柴田 宵曲,1897,1966,"Shibata, Shokyoku"
1833,鈴木 大拙,1870,1966,"Suzuki, Daisetsu"
1834,The Creative CAT,N/A,N/A,"The Creative CAT,"
1835,石川 成章,1872,1945,"Ishikawa, Seisho"
1836,大森 房吉,1868,1923,"Omori, Fusakichi"
1837,佐藤 伝蔵,1870,1928,"Sato, Denzo"
1838,弓館 芳夫,1883,1958,"Yudate, Yoshio"
1839,荒木 光二郎,N/A,N/A,"Araki, Kojiro"
1840,ジョーンズ ウィリアム・ヘンリー・サミュエル,1876,1963,"Jones, William Henry Samuel"
1841,カーペンター ケニス・Ｊ,1923,N/A,"Carpenter, Kenneth J."
1842,アレン ジェームズ,1864,1912,"Allen, James"
1843,アレン リリー・Ｌ,1867,1952,"Allen, Lily L."
1844,ミーゼス ルートヴィヒ・フォン,1881,1973,"Mises, Ludwig Heinrich Edler von"
1845,村田 稔雄,1923,N/A,"Murata, Toshio"
1846,小泉 信三,1888,1966,"Koizumi, Shinzo"
1847,ヘミングウェイ アーネスト・ミラー,1899,1961,"Hemingway, Ernest Miller"
1848,モンテーニュ ミシェル・エケム・ド,1533,1592,"Montaigne , Michel Eyquem de"
1849,関根 秀雄,1895,1987,"Sekine, Hideo"
1850,バルザック オノレ・ド,1799,1850,"Balzac, Honoré de"
1851,中島 英之,1942,N/A,"Nakajima, Hideyuki"
1852,尖端軟派文学研究会,N/A,N/A,"sentan'nanpabungakukenkyukai,"
1853,杉田 直樹,1887,1949,"Sugita, Naoki"
1854,巌谷 英一,1903,1959,"Iwaya, Eiichi"
1856,酒井 潔,1985,1952,"Sakai, Kiyoshi"
1857,時代世相研究会,N/A,N/A,"Jidaiseso-kenkyukai,"
1858,山本 和久三,1893,1932,"Yamamoto, Wakuzo"
1859,レ・ファニュ ジョゼフ・シェリダン,1814,1873,"Le Fanu, Joseph Sheridan"
1860,藤原 定家,N/A,N/A,"fujiwarano, teika"
1861,河井 酔茗,1874,1965,"Kawai, Suimei"
1862,式場 隆三郎,1898,1965,"Shikiba, Ryuzaburo"
1863,安西 冬衛,1898,1965,"Anzai, Huyue"
1864,森田 正馬,1874,1938,"Morita, Masatake"
1865,大堀 竜太郎,N/A,N/A,"Ohori, Ryutaro"
1866,楠田 匡介,1903,1966,"Kusuda, Kyousuke"
1867,小山 清,1911,1965,"Koyama, Kiyoshi"
1868,永山 一郎,1934,1964,"Nakayama, Ichirou"
1869,山本 周五郎,1903,1967,"Yamamoto, Shugoro"
1870,亀井 勝一郎,1907,1966,"Kamei, Katsuichiro"
1871,三宅 周太郎,1892,1967,"Miyake, Shutaro"
1872,大下 宇陀児,1896,1966,"Oshita, Udaru"
1873,石田 梅巌,1685,1744,"Ishida, Baigan"
1874,高畑 棟材,1897,1958,"Takahata, Munetaka"
1875,壺井 栄,1899,1967,"Tsuboi, Sakae"
1876,塚原 健二郎,1895,1965,"Tsukahara, Kenjiro"
1877,シガーヨンスソン フロスティ,1962,N/A,"Sigurjónsson, Frosti"
1878,早川 健治,1989,N/A,"Hayakawa, Kenji"
1879,大隈 重信,1838,1922,"Okuma, Shigenobu"
1880,上河 正揚,1748,1817,"Uekawa, Ｓｈｏｕｙｏｕ"
1881,坪内 雄蔵　→坪内逍遥,1859,1935,"Tsubouchi, Yuzo"
1882,キングスフォード アンナ,1846,1888,"Kingsford, Anna"
1883,高井 几董,1741,1789,"Tkai, Kitou"
1884,小宮 豊隆,1884,1966,"Komiya, Toyotaka"
1885,藤野 古白,1871,1895,"Fujino, Kohaku"
1886,藤井 英男,N/A,N/A,"Fujii, Hideo"
1887,小野 梓,1852,1886,"Ono, Azusa"
1888,ボーマルシェ ピエール＝オーギュスタン・カロン・ド,1732,1799,"Beaumarchais, Pierre-Augustin Caron de"
1889,山中 峯太郎,1885,1966,"Yamanaka, Minetaro"
1890,佐倉 潤吾,1905,1964,"Sakura, Jungo"
1891,矢崎 源九郎,1921,1967,"Yazaki, Genkuro"
1892,ラーゲルレーヴ セルマ,1858,1940,"Lagerlof, Selma"
1893,前田 晁,1879,1961,"Mada, Akira"
1894,木村 荘十,1897,1967,"Kimura, Soju"
1896,横川 顕正,1904,1940,"Yokogawa, Kensho"
1897,向山 栄五郎,1826,1897,"Mukouyam, Eigorou"
1898,明石 海人,1901,1939,"Akashi, Kaijin"
1899,暁烏 敏,1877,1954,"Akegarasu, Haya"
1900,ドロステ＝ヒュルスホフ アネッテ・フォン,1797,1848,"Droste-Hülshoff, Annette von"
1901,番匠谷 英一,1895,1966,"Banshoya, Eiichi"
1902,新井 紀一,1890,1966,"Arai, Kiichi"
1903,上田 広,1905,1966,"Ueda, Hiroshi"
1904,佐佐木 茂索,1894,1966,"Sasaki, Mosaku"
1905,中野 秀人,1898,1966,"Nakano, Hideto"
1906,河井 寛次郎,1890,1966,"Kawai, Kanjiro"
1907,窪田 空穂,1877,1967,"Kubota, Utsuho"
1908,小穴 隆一,1894,1966,"Oana, Ryuichi"
1909,安倍 能成,1883,1966,"Abe, Yoshishige"
1910,中島 哀浪,1883,1966,"Nakajima, Airo"
1911,川田 順,1882,1966,"Kawada, Jun"
1912,野間 清六,1902,1966,"Noma, Seiroku"
1913,深瀬 基寛,1895,1966,"Fukase, Motohiro"
1914,左川 ちか,1911,1936,"Sagawa, Chika"
1915,長田 幹彦,1887,1964,"Nagata, Mikihiko"
1916,円城 塔,1972,N/A,"EnJoe, Toh"
1917,福永 信,1972,N/A,"Fukunaga, Shin"
1918,澤西 祐典,1986,N/A,"Sawanishi, Yuten"
1919,シェミン マーガレット,N/A,1976,"Shemin, Margaretha"
1920,宝 探子,N/A,N/A,"Takara, Sagashi"
1921,沢瀉 久孝,1890,1968,"Omodaka, Hisataka"
1922,子母沢 寛,1892,1968,"Shimozawa, Kan"
1923,村岡 花子,1893,1968,"Muraoka, Hanako"
1924,吉田 茂,1878,1967,"Yoshida, Shigeru"
1925,シートン アーネスト・トンプソン,1860,1946,"Seton, Ernest Thompson"
1926,モンゴメリ ルーシー・モード,1874,1942,"Montgomery, Lucy Maud"
1927,野上 彰,1909,1967,"Nogami, Akira"
1928,彦山 光三,1893,1965,"Hikoyama, Kozo"
1929,長谷川 世一,N/A,N/A,"Hasegawa, Seiichi"
1930,鈴木 牧之,1770,1842,"Suzuki, Bokushi"
1931,岡田 武松,1874,1956,"Okada, Takematsu"
1932,山東 京山,1769,1858,"Santo, Kyozan"
1933,木山 捷平,1904,1968,"Kiyama, Shohei"
1934,柳原 白蓮,1885,1967,"Yanagiwara, Byakuren"
1935,石田 英一郎,1903,1968,"Ishida, Eiichiro"
1936,フローベール ギュスターヴ,1821,1880,"Flaubert, Gustave"
1937,笠 信太郎,1900,1967,"Ryu, Shintaro"
1938,新村 出,1876,1967,"Shinmura, Izuru"
1939,恒藤 恭,1888,1967,"Tsuneto, Kyo"
1940,小倉 右一郎,1881,1962,"Ogura, Yuichiro"
1941,梅原 真隆,1885,1966,"Umehara, Shinryu"
1942,野村 兼太郎,1896,1960,"Nomura, Kanetaro"
1943,成沢 玲川,1877,1962,"Narusawa, Reisen"
1944,本居 宣長,1730,1801,"Motoori, Norinaga"
1945,村岡 典嗣,1884,1946,"Muraoka, Tsunetsugu"
1946,宮崎 稔,N/A,1953,"Miyazaki, Minoru"
1947,前島 密,1835,1919,"Maejima, Hisoka"
1948,鮎川 義介,1880,1967,"Ayukawa, Yoshisuke"
1949,山浦 貫一,1893,1967,"Yamaura, Kan'ichi"
1950,クロッサー マイラ・ジョー,1880,1962,"Closser, Myla Jo"
1951,ブラックウッド アルジャーノン,1869,1951,"Blackwood, Algernon"
1952,チェンバース ロバート・Ｗ,1865,1933,"Chambers, Robert W."
1953,飯田 平作,1849,1940,"Iida, Heisaku"
1954,中村 清太郎,1888,1967,"Nakamura, Seitaro"
1955,太田 健一,N/A,N/A,"Ota, Ken'ichi"
1956,金森 徳次郎,1886,1959,"Kanamori, Tokujiro"
1957,毛利 基,1891,1961,"Mori, Motoi"
1958,富田 常雄,1904,1967,"Tomita, Tsuneo"
1959,プルス ボレスワフ,1847,1912,"Prus, Bolesław"
1960,ミルン アラン・アレクザンダー,1882,1956,"Milne, Alan Alexander"
1961,稲垣 巌,1897,1937,"Inagaki, Iwao"
1962,塩寺 はるよ,1914,1934,"Shiodera, Haruyo"
1963,信時 潔,1887,1965,"Nobutoki, Kiyoshi"
1964,天川 恵三郎,1864,1934,"Amakawa, Keizaburo"
1965,貝沢 藤蔵,1888,1966,"Kaizawa, Tozo"
1966,金成 マツ,1875,1961,"Kan'nari, Matsu"
1967,栗山 国四郎,1882,1956,"Kuriyama, Kunishiro"
1968,時枝 誠記,1900,1967,"Tokieda, Motoki"
1969,矢部 貞治,1902,1967,"Yabe, Teiji"
1970,島 秋人,1934,1967,"Shima, Akito"
1971,水野 広徳,1875,1945,"Mizuno, Hironori"
1972,林 譲治,1889,1960,"Hayashi, Joji"
1973,京口 元吉,1897,1967,"Kyoguchi, Motokichi"
1974,吉野 秀雄,1902,1967,"Yoshino, Hideo"
1975,大原 総一郎,1909,1968,"Ohara, Soichiro"
1976,三木 露風,1889,1964,"Miki, Rofu"
1977,森 於菟,1890,1967,"Mori, Otto"
1978,勝本 清一郎,1899,1967,"Katsumoto, Seiichiro"
1979,菱山 修三,1909,1967,"Hishiyama, Shuzo"
1980,広津 和郎,1891,1968,"Hirotsu, Kazuo"
1981,花柳 章太郎,1894,1965,"Hanayagi, Shotaro"
1982,前沢 長太郎,1895,1963,"Maezawa, Chotaro"
1983,淀野 隆三,1904,1967,"Yodono, Ryuzo"
1984,金沢 庄三郎,1872,1967,"Kanazawa, Shozaburo"
1985,薄田 太郎,1902,1967,"Susukida, Taro"
1986,秘田 余四郎,1908,1967,"Himeda, Yoshiro"
1987,大芝 惣吉,1868,1925,"Oshiba, Sokichi"
1988,北島 磯次,1881,1964,"Kitajima, Isotsugu"
1989,早川 鮎子,1936,1967,"Hayakawa, Ayuko"
1990,芥川 紗織　→間所紗織,1924,1966,"Akutagawa, Saori"
1991,東野辺 薫,1902,1962,"Tonobe, Kaoru"
1992,森 律子,1890,1961,"Mori, Ritsuko"
1993,石川 道雄,1900,1959,"Ishikawa, Michio"
1994,森 郁夫,1929,1966,"Mori, Ikuo"
1995,ジェイコブス ウイリアム・ワイマーク,1863,1943,"Jacobs, William Wymark"
1996,中村 研一,1895,1967,"Nakamura, Ken'ichi"
1997,三岸 好太郎,1903,1934,"Migishi, Kotaro"
1998,大石 誠之助,1867,1911,"Oishi, Seinosuke"
1999,菱田 春草,1874,1911,"Hishida, Shunso"
2000,野田 高梧,1893,1968,"Noda, Kogo"
2001,河竹 繁俊,1889,1967,"Kawatake, Shigetoshi"
2002,今西 竜,1875,1932,"Imanishi, Ryu"
2003,藤村 操,1886,1903,"Fujimura, Misao"
2004,獅子 文六,1893,1969,"Shishi, Bunroku"
2005,長谷川 如是閑,1875,1969,"Hasegawa, Nyozekan"
2006,奥野 信太郎,1899,1968,"Okuno, Shintaro"
2007,山東 京伝,1761,1816,"Santo, Kyoden"
2008,平光 吾一,1887,1967,"Hirako, Goichi"
2009,マッケナ リチャード・ミルトン,1913,1964,"McKenna, Richard Milton"
2010,スミス コードウェイナー,1913,1966,"Smith, Cordwainer"
2011,多田 不二,1893,1968,"Tada, Fuji"
2012,竹脇 昌作,1910,1959,"Takewaki, Shosaku"
2013,吉岡 禅寺洞,1889,1961,"Yoshioka, Zenjido"
2014,岡崎 勝男,1897,1965,"Okazaki, Katsuo"
2015,藤田 嗣治,1886,1968,"Fujita, Tsuguharu"
2016,ダ・ヴィンチ レオナルド,1452,1519,"da Vinci, Leonardo"
2017,円谷 幸吉,1940,1968,"Tsuburaya, Kokichi"
2018,大野 伴睦,1890,1964,"Ono, Banboku"
2019,広川 弘禅,1902,1967,"Hirokawa, Kozen"
2020,参謀本部,N/A,N/A,"Sanbohombu,"
2021,朝鮮総督府,N/A,N/A,"Chosensotokufu,"
2022,保篠 竜緒,1892,1968,"Hoshino, Tatsuo"
2023,池田 勇人,1899,1965,"Ikeda, Hayato"
2024,藤原 あき,1897,1967,"Fujiwara, Aki"
2025,具 珉　→金史良,1914,1950,"Ku, Min"
2026,岡本 良雄,1913,1963,"Okamoto, Yoshio"
2027,速水 春暁斎,1767,1823,"Hayami, Shungyosai"
2028,ルルー ガストン,1868,1927,"Leroux, Gaston"
2029,麻生 路郎,1888,1965,"Aso, Jiro"
2030,秦 豊吉,1892,1956,"Hata, Toyokichi"
2031,長谷川 利行,1891,1940,"Hasekawa, Toshiyuki"
2032,沼井 鉄太郎,1898,1959,"Numai, Tetsutaro"
2033,ヒューム デイヴィッド,1711,1776,"Hume, David"
2034,井上 基志,N/A,N/A,"Inoue, Motoshi"
2035,オーウェル ジョージ,1903,1950,"Orwell, George"
2036,パイパー ヘンリー・ビーム,1904,1964,"Piper, Henry Beam"
2037,南極探検後援会,N/A,N/A,N/A
2038,大谷 正信,1875,1933,"Otani, Masanobu"
2039,ポリドリ ジョン・ウィリアム,1795,1821,"Polidori, John William"
2040,笠間 杲雄,1885,1945,"Kasama, Akio"
2041,上 真行,1851,1937,"Ue, Sanemichi"
2043,ホワイト フレッド・Ｍ,1859,1935,"White, Fred M"
2044,奥 増夫,N/A,N/A,"Oku, Masuo"
2045,中村 喜治,N/A,N/A,"Nakamura, Yoshiharu"
2046,美濃部 達吉,1873,1948,"Minobe, Tatsukichi"
2047,中西 利雄,1900,1948,"Nakanishi, Toshio"
2048,小西 茂也,1909,1955,"Konishi, Shigeya"
2049,五十公野 清一,1902,1966,"Izumino, Seiichi"
2050,古賀 春江,1895,1933,"Koga, Harue"
2051,松本 竣介,1912,1948,"Matsumoto, Shunsuke"
2052,プリリュー エドゥアール・エルネ,1829,1915,"Prillieux, Édouard Ernest"
2053,竹本 周平,N/A,N/A,"Takemoto, Shuhei"
2054,石浜 知行,1895,1950,"Ishihama, Tomoyuki"
2055,石田 一松,1902,1956,"Ishida, Ichimatsu"
2056,青山 胤通,1859,1917,"Aoyama, Tanemichi"
2057,小河 滋次郎,1864,1925,"Ogawa, Shigejiro"
2058,留岡 幸助,1864,1934,"Tomeoka, Kosuke"
2059,天野 為之,1861,1938,"Amano, Tameyuki"
2060,塩沢 昌貞,1870,1945,"Shiozawa, Masasada"
2061,伊藤 博文,1841,1909,"Ito, Hirobumi"
2062,井上 勝,1843,1910,"Inoue, Masaru"
2063,浮田 和民,1859,1946,"Ukita, Kazutami"
2064,大浦 兼武,1850,1918,"Oura, Kanetake"
2065,大槻 如電,1845,1931,"Otsuki, Nyoden"
2066,近藤 廉平,1848,1921,"Kondo, Renpei"
2067,西園寺 公望,1849,1940,"Saionji, Kinmochi"
2068,桜井 錠二,1858,1939,"Sakurai, Joji"
2069,島田 三郎,1852,1923,"Shimada, Saburo"
2070,清水 澄,1868,1947,"Shimizu, Toru"
2071,副島 種臣,1828,1905,"Soejima, Taneomi"
2072,副島 八十六,1875,1950,"Soejima, Yasoroku"
2073,田中 不二麿,1845,1909,"Tanaka, Fujimaro"
2074,田 健治郎,1855,1930,"Den, Kenjiro"
2075,富井 政章,1858,1935,"Tomii, Masaaki"
2076,成瀬 仁蔵,1858,1919,"Naruse, Jinzo"
2077,鳩山 和夫,1856,1911,"Hatoyama, Kazuo"
2078,阪本 三郎,1867,1931,"Sakamoto, Saburo"
2079,松方 正義,1835,1924,"Matsukata, Masayoshi"
2080,箕作 佳吉,1858,1909,"Mitsukuri, Kakichi"
2081,三宅 秀,1848,1938,"Miyake, Hizu"
2082,山本 権兵衛,1852,1933,"Yamamoto, Gonnohyoe"
2083,嘉納 治五郎,1860,1938,"Kano, Jigoro"
2084,村崎 敏郎,1904,1962,"Murasaki, Toshiro"
2085,間所 紗織　→芥川紗織,1924,1966,"Madokoro, Saori"
2086,藤原 咲平,1884,1950,"Fujiwhara, Sakuhei"
2087,岸田 吟香,1833,1905,"Kishida, Ginko"
2088,木下 夕爾,1914,1965,"Kinoshita, Yuji"
2089,板谷 波山,1872,1963,"Itaya, Hazan"
2090,西村 皎三,1902,1944,"Nishimura, Kozo"
2091,青木 正児,1887,1964,"Aoki, Masaru"
2092,滝沢 敬一,1884,1965,"Takizawa, Keiichi"
2093,浜本 浩,1890,1959,"Hamamoto, Hiroshi"
2094,ベルレーゼ アウグスト・ナポレオーネ,1864,1903,"Berlese, Augusto Napoleone"
2095,織田 信長,1534,1582,"Oda, Nobunaga"
2096,辻 善之助,1877,1955,"Tsuji, Zennosuke"
2097,猪熊 敬一郎,1883,1911,"Inokuma, Keiichiro"
2098,永井 壮吉　→永井荷風,1879,1959,"Nagai, Soukichi"
2099,清水 登之,1887,1945,"Shimizu, Toshi"
2100,安部 磯雄,1865,1949,"Abe, Isoo"
2101,石黒 忠悳,1845,1941,"Ishiguro, Tadanori"
2102,尾崎 行雄,1858,1954,"Ozaki, Yukio"
2103,川島 甚兵衛,1853,1910,"Kawashima, Jinbe"
2104,久米 邦武,1839,1931,"Kume, Kunitake"
2105,後藤 新平,1857,1929,"Goto, Shimpei"
2106,酒匂 常明,1861,1909,"Sako, Tsuneaki"
2107,佐藤 昌介,1856,1939,"Sato, Shosuke"
2108,高橋 義雄　→高橋箒庵,1861,1937,"Takahashi, Yoshio"
2109,東儀 季治　→東儀鉄笛,1869,1925,"Togi, Sueharu"
2110,鳥谷部 銑太郎　→鳥谷部春汀,1865,1908,"Toyabe, Sentaro"
2111,福地 源一郎　→福地桜痴,1841,1906,"Fukuchi, Gen'ichiro"
2112,藤岡 勝二,1872,1935,"Fujioka, Katsuji"
2113,古河 潤吉,1870,1905,"Furukawa, Junkichi"
2114,本多 庸一,1849,1912,"Honda, Yoitsu"
2115,正木 直彦,1862,1940,"Masaki, Naohiko"
2116,益田 孝,1848,1938,"Masuda, Takashi"
2117,三宅 雄二郎　→三宅雪嶺,1860,1945,"Miyake, Yujiro"
2118,三好 退蔵,1845,1908,"Miyoshi, Taizo"
2119,村田 保,1843,1925,"Murata, Tamotsu"
2120,横井 時雄,1857,1927,"Yokoi, Tokio"
2121,ベルツ エルヴィン・フォン,1849,1913,"Balz, Erwin von"
2122,三島 弥彦,1886,1954,"Mishima, Yahiko"
2123,安井 曽太郎,1888,1955,"Yasui, Sotaro"
2124,和田 英作,1874,1959,"Wada, Eisaku"
2125,辰野 金吾,1854,1919,"Tatsuno, Kingo"
2126,ファン・ゴッホ フィンセント,1853,1890,"van Gogh, Vincent"
2127,荻野 吟子,1851,1913,"Ogino, Ginko"
2128,パスカル ブレーズ,1623,1662,"Pascal, Blaise"
2129,ケラーマン ベルンハルト,1879,1951,"Kellermann, Bernhard"
2130,ダンバー オリヴィア・ハワード,1873,1953,"Dunbar, Olivia Howard"
2131,吉村 冬彦　→寺田寅彦,1878,1935,"Yoshimura, Fuyuhiko"
2132,芥川 多加志,1922,1945,"Akutagawa, Takashi"
2133,片山 国嘉,1855,1931,"Katayama, Kunika"
2134,クレイン ウォルター,1845,1915,"Crane, Walter"
2135,アポリネール ギヨーム,1880,1918,"Apollinaire, Guillaume"
2136,ノアイユ アンナ・ド,1876,1933,"Noailles, Anna de"
2137,深沢 由次郎,1872,1943,"Fukazawa, Yoshijiro"
2138,パロマ コスティス,1859,1943,"Palamas, Kostis"
2139,ラニアン デイモン,1884,1946,"Runyon, Damon"
2140,末,N/A,N/A,"Matsu,"
2141,成瀬 無極,1885,1958,"Naruse, Mukyoku"
2143,深川 喜次郎,1872,1930,"Fukagawa, Kijiro"
2144,前田 多門,1884,1962,"Maeda, Tamon"
2145,前田 多門　→前田多門,1884,1962,N/A
2146,式守 伊之助,1886,1966,"Shikimori, Inosuke"
2147,原 杞憂,1905,1951,N/A
2148,原 杞憂　→原民喜,1905,1951,"Hara, Kiyuu"
2149,高柳 賢三,N/A,N/A,N/A
2150,笠井 新也,N/A,N/A,N/A
2151,熊平 武二,1906,1960,"Kumahira, Takeji"
2152,長瀬 金平,1885,N/A,"Nagase, Kinpei"
2153,渡辺 千吉郎,1869,1942,"Watanabe, Senkichirou"
2154,ヤコブセン イエンス・ペーター,1847,1885,"Jacobsen, Jens Peter"
2155,鈴木 三郎助,1868,1931,"Suzuki, Saburousuke"
2156,高石 真五郎,1878,1967,"Takaishi, Singorou"
2157,吉岡 信敬,1885,1940,"Yoshioka, Shinkei"
2158,関西 清,1903,1957,N/A
2159,関西 清,1903,1957,N/A
2160,加藤 光一,N/A,N/A,"Kato, Koichi"
2161,リンカーン エイブラハム,1809,1865,"Lincoln, Abraham"
2162,米川 正夫,1891,1965,"Yonekawa, Masao"
2163,馬場 恒吾,1875,1956,"Baba, Tsunego"
2164,平田 森三,1906,1966,"Hirata, Morisou"
2165,津田 梅子,1864,1929,"Tsuda, Umeko"
2166,河田 嗣郎,1883,1942,"Kawada, Shirou"
2167,三島 章道,1897,1965,"Mishima, Shoudou"
2168,鵜月 洋,1918,1965,"Uzuki, Hroshi"
2169,北村 兼子,1903,1931,"Kitamura, Kaneko"
2170,鈴木 虎雄,1878,1963,"Suzuki, Torao"
2171,大正天皇,N/A,N/A,"TaishoTenno,"
2172,橋爪 健,1900,1964,"Hashizume, Ken"
2173,田中 理夫,1903,1963,"Tanaka, Masao"
2174,管野 須賀子,1881,1911,"Kanno, Sugako"
2175,永倉 新八,1839,1915,"Nagakura, Shinpachi"
2176,稲生 正令,1735,1803,"Inou, Masayoshi"
2177,折口 春洋,1907,1945,"Orikuchi, Harumi"
2178,バチェラー ジョン,1854,1944,"Batchelor, John"
2179,静寛院宮,1846,1877,"Seikaninnomiya,"
2180,朝倉 文夫,1883,1964,"Asakura, Fumio"
2181,村田 孝太郎,1904,1946,"Murata, Koutarou"
2182,上田 貞次郎,1879,1940,"Ueda, Teijirou"
2183,沢村 栄治,1917,1944,"Sawamura, Eiji"
2184,豊臣 秀吉,1537,1598,"Toyotomi, Hideyoshi"
2185,館野 浩美,N/A,N/A,"Tateno, Hiromi"
2186,正親町 公和,1881,1960,"Oogimachi, Kinkazu"
2187,雪花 山人,N/A,N/A,"Sekka, Sanjin"
2188,エピクテトス,N/A,N/A,"Epictetus,"
2189,佐久間 政一,1885,1949,"Sakuma, Masakazu"
2190,川路 柳虹,1888,1959,"Kawaji, Ryukou"
2191,野村 長一　→野村胡堂,1882,1963,"Nomura, Osakazu"
2192,北村 初雄,1897,1922,"Kitamura, Hatsuo"
2193,佐藤 清,1885,1960,"Sato, Kiyoshi"
2194,高橋 元吉,1893,1965,"Takahashi, Motokichi"
2195,平戸 廉吉,1893,1922,"Hirato, Renkichi"
2196,淵上 毛銭,1915,1950,"Fuchigami, Mosen"
2197,国木田 治子,1879,1962,"Kunikida, Haruko"
2198,ロールストン トーマス・ウィリアム・ハーゼン,1785,1863,"Rolleston, Thomas William Hazen"
2199,稲生  武太夫　→稲生正令,1735,1803,"Inou, Budayuu"
2200,畔柳 二美,1912,1965,"Kuroyanagi, Fumi"
2201,陸 游,1125,1210,"Riku, Yu"
2202,内田 静生,1922,1946,"Uchida, Shizuo"
2203,武内 義雄,1886,1966,"Takeuchi, Yoshio"
2204,土井 林吉　→土井晩翠,1871,1952,"Doi, Rinkichi"
2205,ポアンカレ ジュール＝アンリ,1854,1912,"Poincaré, Jules-Henri"
2206,アウレリウス・アントニヌス マルクス,N/A,N/A,"Aurelius Antoninus, Marcus"
2208,村山 勇三,1887,1958,"Murayama, yuzo"
2209,ポースト メルヴィル・デイヴィスン,1869,1930,"Post, Melville Davisson"
2210,バー ロバート,1850,1912,"Barr, Robert"
2211,中村 正直,1832,1891,"Nakamura, Masanao"
2212,小杉 天外,1865,1952,"Kosugi, Tengai"
2213,ジェローム ジェローム・K,1859,1927,"Jerome, Jerome・Klapka"
2214,呉 秀三,1865,1932,"Kure, Shuzo"
2215,井上 日召,1886,1967,"Inoue, Nissho"
2216,范 成大,N/A,N/A,"Han, Seidai"
2217,畑中 武夫,1914,1963,"Hatanaka, Takeo"
2218,服部 達,1922,1956,"Hattori, Tatsu"
2219,クロフツ フリーマン・ウィルス,1879,1957,"Crofts, Freeman Wills"
2220,クライスト ベルント・ハインリッヒ・ヴィルヘルム・フォン,1777,1811,N/A
2221,クライスト ベルント・ハインリッヒ・ヴィルヘルム・フォン,1777,1811,"Kleist, Bernd Heinrich Wilhelm von"
2222,大沼 枕山,1818,1891,"Onuma, Chinzan"
2223,レールモントフ ミハイル・ユーリエヴィチ,N/A,N/A,"Lermontou, Michail  Iourievitch"
2224,北田 薄氷,N/A,N/A,"Kitada, Usurai"
2225,植木 枝盛,1857,1892,"Ueki, Emori"
2226,山本 泰弘,N/A,N/A,"Yamamoto, Yasuhiro"
2227,加藤 籌子,1883,1956,"Katou, Kazuko"
2228,コーピッシュ アウグスト,1799,1853,"Kopisch, August"
2229,小栗 かず　→加藤籌子,1883,1956,"Oguri, Kazu"
2230,河野 一郎,1898,1965,"Kono, Ichiro"
2231,カプアーナ ルイージ,1839,1915,"Capuana, Luigi"
2232,田原 勝典,1965,N/A,"Tabara, Katsunori"
2233,あさい ますお,1942,1966,"Asai, Masuo"
2234,多田 鼎,1875,1937,"Tata, Kanae"
2235,佐々木 月樵,1875,1926,"Sasaki, Gesshou"
2236,安藤 州一,1873,1950,"Anto, Shuichi"
2237,杉浦 正一郎,1911,1957,"Sugiura, Shouichirou"
2238,兼好法師,1283,1352,"Kenko Hoshi,"
2239,杉浦 正一郎,1911,1957,N/A
2240,松尾 芭蕉,1644,1694,"Matsuo, Basho"
2241,岩橋 武夫,1898,1954,"Iwahashi, Takeo"
2242,チュラーイ マルーシャ,1625,1653,"Churai, Marusia"
2243,楠瀬 喜多,1836,1920,"Kusunose, Kita"
2244,藤原 伊尹,N/A,N/A,"Fujiwara, Koretada"
2245,和田 信賢,1912,1952,"Wada, Nobukata"
2246,松岡 荒村,1879,1904,"Matsuoka, Koson"
2247,宮城 タマヨ,1892,1960,"Miyagi, Tamayo"
2248,北里 柴三郎,1853,1931,"Kitazato, Shibasaburo"
2250,北里,N/A,N/A,N/A
2251,高堂 要,1932,2001,"Takado, Kaname"
2252,鳩山 一郎,1883,1959,"Hatoyama, Ichiro"
2253,ヒルティ カール,1833,1909,N/A
2254,平田 元吉,N/A,N/A,"Hirata, Motokichi"
2255,Morishous T.H.E creative,N/A,N/A,"Morishous T.H.E creative,"
2256,日下 諗,1887,1938,"Kusaka, Shin"
2257,ショーペンハウアー アルトゥール,1788,1860,"Schopenhauer, Arthur"
2258,田中 寛一,1882,1962,"Tanaka, Kanichi"
2259,北川 千代,1894,1965,"Kitagawa, Chiyo"
2260,遠藤 琴子,1889,1925,"Endo, Kotoko"
2261,フォン・ザッハー＝マゾッホ レーオポルト,1836,1895,"von Sacher-Masoch, Leopold"
2262,渡辺 均,1894,1951,"Watanabe, Hitoshi"
2263,渡辺 均,1894,1951,"Watanabe, Hitoshi"
2264,青柳 有美,1873,1945,"Aoyagi, Yubi"
2265,ワインバウム スタンリー・Ｇ,1902,1935,"Weinbaum, Stanley G."
2266,垣沼 隆三郎　→式場隆三郎,1898,1965,"Kakinuma, Ryuzaburo"
2267,佐々 弘雄,1897,1498,"Sassa, Hiroo"
2268,岡松 参太郎,1871,1921,"Okamatsu, Santarou"
2269,高根 義人,1867,1930,"Takane, Yoshihito"
2272,小野塚 喜平次,1871,1944,"Onozuka, Kiheiji"
2273,仁井田 益太郎,1868,1945,"Niida, Masutarou"
2274,実業之日本社,N/A,N/A,"Jitsugyononihonsha,"
2275,丸木 砂土　→秦豊吉,1892,1956,"Maruki, Sado"
2276,添田 寿一,1864,1929,"Soeda, Juichi"
2277,イクバール ムハンマド,1877,1938,"Iqbal, Muhammad"
2278,片岡 弘次,1941,N/A,"Kataoka, Hiroji"
2279,鈴木 斌,1932,2005,"Suzuki, Takeshi"
2280,山根 しのぶ,1931,N/A,"Yamane, Shinobu"
2281,粕谷 俊樹,1939,N/A,"Kasuya, Toshiki"
2282,鈴木 郁子,N/A,N/A,"Suzuki, Ikuko"
2283,間嶋 幸恵,N/A,N/A,"Mashima, Yukie"
2284,石井 啓一郎,1963,N/A,"Ishii, Keiichiro"
2285,加藤 栄,1953,N/A,"Kato, Sakae"
2286,川口 健一,1949,N/A,"Kawaguchi, Ken'ichi"
2287,伊藤 宏美,1976,N/A,"Ito, Hiromi"
2288,丹羽 京子,1957,N/A,"Niwa, Kyoko"
2289,岡田 知子,1966,N/A,"Okada, Tomoko"
2290,長崎 広子,1967,N/A,"Nagasaki, Hiroko"
2291,石田 英明,1949,N/A,"Ishida, Hideaki"
2292,二元 裕子,1976,N/A,"Futamoto, Yuko"
2293,加古 志保,1966,N/A,"Kako, Shiho"
2294,小野沢 純,1941,N/A,"Onozawa, Jun"
2295,藤村 祐子,N/A,N/A,"Fujimura, Yuko"
2296,スライマン タイバ,N/A,N/A,"Sulaiman, Thaiyibah"
2297,河東田 静雄,1944,N/A,"Katoda, Shizuo"
2298,南田 みどり,1948,N/A,"Minamida, Midori"
2299,斎藤 紋子,1970,N/A,"Saito, Ayako"
2300,大上 正直,1954,N/A,"Oue, Masanao"
2301,蜂谷 純子,1936,N/A,"Hachiya, Junko"
2302,野口 忠司,1944,2021,"Noguchi, Tadashi"
2303,吉岡 みね子,1948,N/A,"Yoshioka, Mineko"
2304,野中 耕一,1934,2014,"Nonaka, Koichi"
2305,坂田 久美子,1950,N/A,"Sakata, Kumiko"
2306,宇戸 清治,1949,N/A,"Udo, Seiji"
2307,宇戸 優美子,1989,N/A,"Udo, Yumiko"
2308,カースミー アフマド・ナディーム,1916,2006,"Qasmi, Ahmad Nadim"
2309,マントー サアーダット・ハサン,1912,1955,"Manto, Saadat Hasan"
2310,マストゥール ハディージャ,1927,1982,"Mastur, Khadija"
2311,ウィハルジャ ヤティ・マルヤティ,1943,1985,"Wiharja, Yati Maryati"
2312,トハリ アフマッド,1948,N/A,"Tohari, Ahmad"
2313,アイプ・ロシディ,1938,2020,"Ajip Rosidi,"
2314,オメル・セイフェッティン,1884,1920,"Omer Seyfettin,"
2315,アリ サバハッティン,1907,1948,"Ali, Sabahattin"
2316,ナーズム・ヒクメット,1902,1963,"Nâzım Hikmet,"
2317,タック・ラム,1910,1942,"Thạch Lam,"
2318,グエン・ゴック トゥアン,1972,N/A,"Nguyễn Ngọc, Thuần"
2319,グエン・ニャット アイン,1955,N/A,"Nguyễn Nhầt, Ănh"
2320,オム ソンバット,1951,N/A,"Oum, Sambath"
2321,ヌー ハーイ,1916,1975,"Nou, Hach"
2322,ヴァイド クリシュナ・バルデーオ,1927,2020,"Vaid, Krishna Baldev"
2323,ウダイ・プラカーシ,1952,N/A,"Uday Prakash,"
2324,オスマン・クランタン Ｓ,1938,2008,"Othman Kelantan, S."
2325,マァゥン・マァゥン・ピュー,1930,N/A,"Maung Maung Pyu,"
2326,マァゥン・ティン,1909,2006,"Maung Htin,"
2327,チェニイ,1922,1974,"Kye Ni,"
2328,テインペーミン,1914,1978,"Thein Pe Myint,"
2329,キンキントゥー,1965,N/A,"Khin Khin Htoo,"
2330,ヘルナンデス アマド・Ｖ,1903,1970,"Hernandez, Amado V."
2331,ウィクラマシンハ マーティン,1890,1976,"Wickramasinghe, Martin"
2332,ドゥアンチャイ,1943,N/A,"Duang Chai,"
2333,セーニー・サオワポン,1918,2014,"Seni Saowaphong,"
2334,ウンソンタム・秦 プラティープ,1952,N/A,"Ungsongtham Hata, Prateep"
2335,バムルンポン サクチャイ　→セーニー・サオワポン,1918,2014,"Bamrungphong, Sakdichai"
2336,ヘーマサトン スミット,1948,N/A,"Hemasathol, Sumitr"
2337,ラピーパット アキン,1933,2018,"Rabibhadana, Akin"
2338,キンフニンユ,1925,2003,"Khin Hnin Yu,"
2339,ジュー,1958,N/A,"Ju,"
2340,サンサンヌエ,1945,N/A,"San San Nweh,"
2341,ネーウィンミン,1952,N/A,"Nay Win Myint,"
2342,チャンティマートーン サティエン,1943,N/A,"Chanthimathorn, Sathian"
2343,マー・ヴァン カーン,1936,N/A,"Ma Van, Khang"
2344,ヴォー・ティ ハーオ,1956,N/A,"Vo Thi, Hao"
2345,スアン・テュウ,1930,2007,"Xuan Thieu,"
2346,グエン・クワン テュウ,1957,N/A,"Nguyen Quang, Thieu"
2347,グエン・ティ トゥー・フエ,1966,N/A,"Nguyen Thi, Thu Hue"
2348,ホク ハッサン・アジズル,1939,2021,"Huq, Hasan Azozul"
2349,イリアス アクタルッジャマン,1943,1997,"Elias, Akhtaruzzaman"
2350,フセイン セリナ,1947,N/A,"Hossain, Selina"
2351,ミャタンティン,1929,1998,"Mya Than Tint,"
2352,キンスエーウー,1933,2019,"Khin Swe Oo,"
2353,マ・サンダー,1947,N/A,"Ma Sandar,"
2354,サウンウィンラッ,1949,N/A,"Saung Win Latt,"
2355,タンミンアウン,1953,N/A,"Than Myint Aung,"
2356,ニープレー,1952,2023,"Nyi Pu Lay,"
2357,スーフゲッ,1959,N/A,"Sue Hnget,"
2358,ヌヌイー,1957,N/A,"Nu Nu Yi,"
2359,ヴー バーオ,1931,2006,"Vu, Bao"
2360,レ・ミン クエ,1949,N/A,"Le Minh, Khue"
2361,イ バン,1961,N/A,"Y, Ban"
2362,リュウ・ソン ミン,1974,N/A,"Luu Son, Minh"
2363,グエン・ゴック トゥ,1976,N/A,"Nguyen Ngoc, Tu"
2364,タ・ズイ アィン,1959,N/A,"Ta Duy, Anh"
2365,マ・ティーダー,1966,N/A,"Ma Thi Dar,"
2366,ミチャウンウェー,1953,N/A,"Mi Chan Wai,"
2367,メーニェイン,1965,N/A,"May Nyane,"
2368,ケッマー,1969,N/A,"Khet Mar,"
2369,ドゥアンサワン チャンティー,1940,N/A,"Deuansavanh, Chanthy"
2370,ドークケート,1947,N/A,"Dokked,"
2371,ストーカー ブラム,1847,1912,"Stoker, Bram"
2372,フマノ ヒト,N/A,N/A,"Humano, Hito"
2373,リョウワーリン ウィン,1956,N/A,"Lyovarin , Win"
2374,デーンアラン・セーントーン,1957,N/A,"Daen-aran Sangtong,"
2375,ソンソムパン カノックポン,1966,2006,"Songsomphan, Kanokphong"
2376,ユン プラープダー,1973,N/A,"Yoon, Prabada"
2377,ヘーマムーン ウティット,1975,N/A,"Haemamool, Uthis"
2378,ラーマン シャムシュル,1929,2006,"Rahman, Shamsur"
2379,マームド アル,1936,2019,"Mahmud, Al"
2380,カドリ ショヒド,1942,2016,"Kadri, Shahid"
2381,グン ニルモレンドゥ,1945,N/A,"Gun, Nirmalendu"
2382,チャナオン カセー,1934,N/A,"Chanawongse, Krasae"
2383,シーブーラパー,1905,1974,"Sriburapha,"
2384,ナワラット Ｍ・Ｒ・ニミットモンコン,1908,1948,"Navarat, M. R. Nimitmongkol"
2385,ウォルターズ レティス・ドイリー,1880,1940,"Walters, Lettice D’Oyly"
2386,佐々木 重次,1937,N/A,"Sasaki, Shigetsugu"
2387,シーダーオルアン,1941,N/A,"Sidaoruang,"
2388,ダーシュ ジボナノンド,1899,1954,"Das, Jibanananda"
2389,ボシュ ブッドデブ,1908,1974,"Bose, Buddhadeva"
2390,ムコッパダエ シュバシュ,1919,2003,"Mukhopadhyay, Subhash"
2391,ゴーシュ ションコ,1932,2021,"Ghosh, Sankha"
2392,チョットパッダエ ショクティ,1933,1995,"Chattopadhyay, Shakti"
2393,ビノエ・モジュムダル,1934,2006,"Binoy Majumdar ,"
2394,ゴーシャミ ジョエ,1954,N/A,"Goswami, Joy"
2395,ティッサーニー,1946,N/A,"Thitsar Ni,"
2396,アウンチェイン,1948,2021,"Aung Cheint,"
2397,トゥカメインライン,1948,N/A,"Thukhamein Hlaing,"
2398,ゼーヤーリン,1958,N/A,"Zeyar Lynn,"
2399,ピューモン,1960,N/A,"Phyu Mon,"
